ID_NODO;COORDENADA_X;COORDENADA_Y
0;43;67
3;72;14
5;102;64
6;43;78
16;67;72
18;7;30
19;40;55
20;77;37
21;34;72
22;47;18
34;7;54
38;49;16
41;7;67
46;40;52
48;49;88
58;96;42
63;26;37
65;41;46
68;43;46
85;43;79
90;63;72
96;44;18
98;72;68
107;39;76
109;59;16
110;35;23
116;64;54
118;39;47
119;48;30
120;49;51
122;39;28
125;103;47
130;38;28
134;53;86
138;48;51
139;49;65
143;56;66
144;64;42
146;48;52
147;26;34
150;64;68
156;49;72
159;43;93
160;53;68
161;38;17
162;26;43
165;83;42
176;72;24
179;90;70
180;7;60
181;54;76
184;37;56
191;68;23
192;53;71
196;29;50
197;18;60
199;77;24
202;28;45
204;68;98
207;71;72
208;18;64
209;77;39
210;2;30
212;68;18
213;38;30
216;41;35
217;35;55
218;91;50
222;66;35
223;71;66
229;19;50
230;39;71
234;74;16
235;57;23
238;48;23
240;41;60
241;65;70
242;28;44
247;51;41
249;72;43
250;8;39
253;94;51
255;43;30
257;79;35
258;34;44
264;51;49
267;77;36
268;29;47
269;85;61
270;19;69
271;54;56
275;19;66
276;41;66
288;81;14
294;73;45
297;67;68
300;40;29
303;64;49
305;34;88
306;80;63
314;46;58
324;43;87
325;66;41
329;90;48
331;73;61
332;49;43
337;34;43
340;67;71
343;40;20
349;27;84
353;47;30
354;71;50
355;26;22
356;47;34
357;56;20
360;48;29
362;49;60
369;46;79
374;64;60
379;46;33
380;67;47
393;47;62
398;59;43
404;47;80
412;35;20
413;79;49
414;92;46
424;48;1
426;35;43
428;93;49
435;68;61
438;23;58
439;81;52
442;36;84
450;69;51
465;40;45
471;43;70
478;66;45
479;55;43
500;79;45
506;59;72
507;86;41
510;44;48
522;66;4
527;63;14
529;63;2
535;55;56
541;60;42
546;73;11
548;64;27
551;36;42
552;86;63
556;70;63
559;27;70
562;86;25
564;36;43
567;66;56
571;70;12
576;66;72
579;90;31
581;80;67
589;64;52
590;70;46
594;75;52
601;25;23
606;50;29
608;36;61
615;26;39
617;84;26
618;48;11
623;70;30
627;74;46
628;31;49
629;80;61
631;40;58
632;61;42
636;66;60
637;126;43
639;33;30
640;44;35
644;40;49
651;31;48
653;60;72
654;41;15
656;73;18
658;73;27
659;61;35
662;80;65
666;64;1
670;62;38
672;25;57
673;17;30
677;62;45
681;94;47
682;51;72
686;75;36
687;74;64
688;70;4
693;70;9
695;75;38
710;41;23
714;56;22
715;64;72
719;103;64
721;33;57
722;39;94
724;81;47
725;66;14
727;50;17
728;70;25
730;40;66
739;40;69
748;56;64
749;64;62
757;50;22
761;126;33
786;93;47
789;28;35
806;148;-13
813;30;39
815;68;4
817;104;65
818;56;43
823;54;79
836;131;8
844;94;37
845;90;26
848;109;84
849;39;79
860;81;13
869;33;36
877;84;28
896;38;71
908;106;90
922;89;83
927;89;84
931;89;60
932;123;39
939;50;59
945;70;-8
947;68;79
951;50;98
963;97;53
1016;138;-4
1046;81;30
1050;89;27
1111;126;10
1125;38;83
1132;40;88
1149;47;81
1195;98;30
1200;138;-22
1201;67;35
1208;57;59
1239;132;30
1246;126;2
1247;79;60
1314;109;90
1325;109;91
1367;41;17
1378;90;13
1383;50;74
1386;130;49
1428;27;77
1429;126;-13
1448;50;88
1470;67;60
1476;115;68
1478;94;57
1507;28;39
1520;90;30
1539;42;63
1549;123;31
1562;38;96
1575;153;49
1582;57;70
1609;132;48
1610;50;77
1613;107;30
1678;123;30
1684;103;90
1688;42;82
1702;71;27
1718;84;39
1776;94;28
1822;73;57
1859;84;47
1866;115;91
1875;107;90
1883;28;75
1946;42;43
1959;28;81
1999;58;57
2001;82;28
2004;107;112
2013;107;110
2059;68;28
2086;112;68
2092;67;82
2100;87;50
2101;87;54
2102;84;58
2103;84;63
2104;84;68
2105;78;70
2106;76;75
2107;75;80
2108;71;83
2109;66;85
2110;61;84
2111;56;84
2112;52;87
2113;47;86
2114;43;85
2115;39;83
2116;33;84
2117;29;81
2118;24;80
2119;21;76
2120;17;73
2121;18;67
2122;15;63
2123;15;58
2124;10;54
2125;10;50
2126;12;45
2127;13;40
2128;17;37
2129;19;32
2130;19;28
2131;21;22
2132;24;19
2133;29;17
2134;34;17
2135;38;14
2136;43;14
2137;47;11
2138;52;13
2139;56;13
2140;61;13
2141;66;15
2142;71;16
2143;74;19
2144;78;23
2145;79;28
2146;81;32
2147;87;35
2148;85;40
2149;88;45
2150;18;-31
2151;20;-20
2152;20;-10
2153;20;1
2154;20;11
2155;19;22
2156;17;32
2157;15;43
2158;13;53
2159;9;63
2160;6;73
2161;2;83
2162;-3;92
2163;-8;101
2164;-13;110
2165;23;77
2166;77;21
2167;24;22
2168;66;12
2169;25;24
2170;104;62
2171;66;38
2172;29;88
2173;71;71
2174;40;48
2175;80;60
2176;78;36
2177;72;61
2178;50;84
2179;65;38
2180;64;48
2181;59;14
2182;90;35
2183;17;31
2184;43;74
2185;89;53
2186;27;19
2187;50;78
2188;101;53
2189;54;60
2190;31;36
2191;-13;117
2192;68;52
2193;121;-13
2194;64;57
2195;68;72
2196;88;60
2197;13;49
2198;40;17
2199;59;68
2200;37;94
2201;78;47
2202;60;47
2203;51;68
2204;60;44
2205;2;28
2206;47;58
2207;-18;117
2208;42;71
2209;80;66
2210;94;64
2211;56;68
2212;47;74
2213;63;71
2214;83;68
2215;34;79
2216;88;83
2217;78;50
2218;75;47
2219;66;42
2220;71;79
2221;34;23
2222;99;53
2223;67;85
2224;24;37
2225;79;11
2226;40;63
2227;51;47
2228;71;49
2229;36;28
2230;39;89
2231;80;58
2232;37;17
2233;92;83
2234;25;22
2235;86;36
2236;45;79
2237;19;68
2238;65;12
2239;24;18
2240;20;-4
2241;86;20
2242;94;52
2243;50;34
2244;25;-10
2245;112;67
2246;60;37
2247;57;35
2248;67;50
2249;74;42
2250;22;58
2251;97;54
2252;2;82
2253;19;24
2254;7;64
2255;84;34
2256;73;60
2257;0;67
2258;19;54
2259;25;28
2260;25;18
2261;26;38
2262;20;17
2263;77;83
2264;19;58
2265;123;29
2266;53;22
2267;56;44
2268;84;64
2269;7;55
2270;9;53
2271;48;34
2272;50;37
2273;47;65
2274;67;51
2275;37;30
2276;13;69
2277;81;45
2278;56;73
2279;24;77
2280;41;34
2281;18;22
2282;99;47
2283;87;68
2284;132;41
2285;36;32
2286;10;52
2287;59;73
2288;62;42
2289;88;64
2290;6;83
2291;115;88
2292;71;89
2293;42;88
2294;66;-3
2295;4;73
2296;50;21
2297;86;26
2298;37;84
2299;71;63
2300;36;94
2301;26;49
2302;38;78
2303;40;13
2304;99;52
2305;77;44
2306;23;68
2307;27;48
2308;72;49
2309;84;36
2310;55;37
2311;39;17
2312;45;85
2313;44;47
2314;76;64
2315;44;17
2316;66;89
2317;87;30
2318;22;54
2319;39;33
2320;45;88
2321;56;77
2322;126;39
2323;109;67
2324;81;28
2325;74;62
2326;35;61
2327;77;28
2328;79;40
2329;68;71
2330;78;18
2331;49;71
2332;146;-13
2333;94;45
2334;33;26
2335;70;64
2336;25;-14
2337;36;49
2338;62;44
2339;9;52
2340;44;22
2341;69;61
2342;65;50
2343;22;43
2344;43;76
2345;31;41
2346;40;57
2347;50;18
2348;94;53
2349;23;17
2350;45;65
2351;72;25
2352;68;89
2353;25;27
2354;76;57
2355;54;34
2356;72;67
2357;103;89
2358;29;36
2359;53;52
2360;19;46
2361;42;60
2362;6;50
2363;36;20
2364;36;71
2365;60;39
2366;51;52
2367;14;64
2368;38;98
2369;47;90
2370;13;56
2371;71;56
2372;104;61
2373;74;60
2374;28;70
2375;72;9
2376;44;70
2377;90;28
2378;69;85
2379;46;89
2380;29;53
2381;91;60
2382;56;71
2383;65;17
2384;102;63
2385;41;94
2386;73;16
2387;86;31
2388;131;33
2389;44;13
2390;4;50
2391;36;78
2392;126;38
2393;65;56
2394;95;30
2395;82;35
2396;33;32
2397;118;-13
2398;14;67
2399;36;73
2400;66;48
2401;51;48
2402;47;23
2403;79;19
2404;86;70
2405;20;46
2406;92;27
2407;-12;117
2408;83;25
2409;114;-13
2410;41;30
2411;76;85
2412;21;39
2413;69;60
2414;37;90
2415;78;19
2416;40;72
2417;88;71
2418;72;71
2419;73;49
2420;30;32
2421;97;46
2422;41;96
2423;47;29
2424;53;23
2425;41;61
2426;20;27
2427;39;26
2428;93;41
2429;37;23
2430;19;53
2431;33;33
2432;13;-31
2433;138;-15
2434;35;17
2435;56;27
2436;89;30
2437;46;87
2438;66;55
2439;34;19
2440;19;44
2441;83;26
2442;99;49
2443;103;84
2444;84;38
2445;89;80
2446;85;64
2447;46;40
2448;89;68
2449;69;44
2450;39;52
2451;79;38
2452;50;48
2453;25;53
2454;69;68
2455;72;48
2456;46;74
2457;64;59
2458;34;22
2459;60;35
2460;41;93
2461;41;48
2462;51;43
2463;93;46
2464;22;68
2465;84;41
2466;27;1
2467;79;50
2468;88;73
2469;131;1
2470;76;69
2471;-1;30
2472;93;70
2473;68;82
2474;20;-25
2475;59;18
2476;34;58
2477;94;54
2478;56;74
2479;84;53
2480;128;49
2481;99;51
2482;40;19
2483;74;50
2484;28;33
2485;52;82
2486;19;55
2487;6;54
2488;63;46
2489;75;73
2490;91;51
2491;95;23
2492;48;36
2493;67;31
2494;109;66
2495;105;63
2496;18;71
2497;8;52
2498;72;38
2499;29;33
2500;71;18
2501;56;76
2502;36;76
2503;66;39
2504;64;20
2505;67;54
2506;100;63
2507;88;41
2508;5;52
2509;51;78
2510;98;47
2511;35;25
2512;54;63
2513;138;1
2514;89;67
2515;83;30
2516;109;92
2517;68;77
2518;54;80
2519;67;46
2520;51;44
2521;53;74
2522;68;22
2523;34;86
2524;31;22
2525;53;73
2526;65;67
2527;67;30
2528;77;27
2529;77;22
2530;50;11
2531;77;38
2532;126;-11
2533;44;37
2534;119;29
2535;40;60
2536;84;45
2537;14;43
2538;13;39
2539;39;29
2540;85;38
2541;16;43
2542;84;56
2543;57;64
2544;39;87
2545;82;30
2546;46;34
2547;61;30
2548;34;33
2549;54;78
2550;25;17
2551;64;35
2552;80;52
2553;24;-20
2554;82;70
2555;53;49
2556;40;74
2557;120;-13
2558;31;42
2559;50;24
2560;15;47
2561;89;70
2562;60;74
2563;36;14
2564;95;46
2565;70;59
2566;35;24
2567;148;-8
2568;63;89
2569;13;68
2570;95;19
2571;12;63
2572;58;18
2573;36;54
2574;42;61
2575;13;-29
2576;5;48
2577;44;29
2578;103;53
2579;36;38
2580;95;51
2581;8;46
2582;47;85
2583;17;-25
2584;44;41
2585;67;52
2586;98;43
2587;99;44
2588;55;45
2589;32;39
2590;36;72
2591;72;21
2592;58;46
2593;34;18
2594;53;44
2595;91;41
2596;132;49
2597;106;84
2598;66;3
2599;133;33
2600;107;25
2601;3;52
2602;61;86
2603;79;42
2604;14;70
2605;82;29
2606;28;68
2607;4;68
2608;145;-8
2609;70;54
2610;151;49
2611;89;73
2612;134;49
2613;40;41
2614;8;70
2615;42;58
2616;90;43
2617;15;39
2618;112;63
2619;15;45
2620;128;54
2621;10;46
2622;72;37
2623;24;81
2624;90;52
2625;40;24
2626;60;85
2627;46;64
2628;28;38
2629;78;24
2630;58;41
2631;34;13
2632;46;60
2633;60;49
2634;67;90
2635;102;69
2636;77;47
2637;8;30
2638;18;77
2639;39;74
2640;47;35
2641;96;23
2642;48;41
2643;57;54
2644;65;64
2645;135;33
2646;36;88
2647;91;52
2648;27;-3
2649;83;14
2650;20;-1
2651;70;68
2652;57;58
2653;60;70
2654;25;34
2655;29;26
2656;38;80
2657;112;90
2658;72;44
2659;44;24
2660;48;17
2661;24;17
2662;60;75
2663;56;21
2664;23;19
2665;38;67
2666;33;83
2667;18;68
2668;60;71
2669;76;60
2670;41;62
2671;125;2
2672;54;65
2673;81;54
2674;39;93
2675;19;60
2676;69;11
2677;51;74
2678;38;91
2679;91;63
2680;17;54
2681;105;62
2682;99;55
2683;145;1
2684;13;52
2685;78;83
2686;41;86
2687;47;24
2688;15;77
2689;108;68
2690;135;30
2691;19;31
2692;56;90
2693;47;20
2694;90;14
2695;24;15
2696;79;47
2697;74;55
2698;126;32
2699;121;-19
2700;78;29
2701;38;61
2702;41;88
2703;76;62
2704;88;34
2705;66;70
2706;14;31
2707;42;28
2708;-1;73
2709;56;78
2710;78;25
2711;21;60
2712;59;47
2713;36;9
2714;39;95
2715;102;73
2716;40;14
2717;79;33
2718;68;59
2719;74;53
2720;44;50
2721;73;14
2722;13;77
2723;33;62
2724;51;34
2725;69;54
2726;27;68
2727;19;45
2728;109;86
2729;56;45
2730;77;16
2731;42;67
2732;65;62
2733;109;68
2734;70;47
2735;26;26
2736;39;97
2737;99;50
2738;33;23
2739;33;28
2740;91;47
2741;78;58
2742;53;70
2743;33;67
2744;128;52
2745;96;47
2746;42;57
2747;48;59
2748;56;82
2749;41;97
2750;39;13
2751;67;36
2752;59;70
2753;32;41
2754;41;45
2755;74;39
2756;42;26
2757;87;57
2758;33;1
2759;92;80
2760;17;22
2761;39;30
2762;74;59
2763;64;38
2764;91;64
2765;66;46
2766;32;96
2767;61;90
2768;63;21
2769;-21;117
2770;41;90
2771;17;33
2772;53;78
2773;20;22
2774;35;34
2775;53;51
2776;15;56
2777;67;45
2778;55;14
2779;28;36
2780;38;90
2781;38;24
2782;80;62
2783;93;72
2784;2;73
2785;20;21
2786;50;23
2787;86;68
2788;53;13
2789;98;40
2790;43;24
2791;78;20
2792;31;24
2793;48;24
2794;22;59
2795;13;50
2796;19;49
2797;40;8
2798;79;4
2799;46;84
2800;141;-4
2801;50;63
2802;44;51
2803;27;75
2804;53;37
2805;59;22
2806;34;98
2807;95;50
2808;28;18
2809;131;3
2810;52;72
2811;31;33
2812;9;54
2813;3;50
2814;21;59
2815;38;12
2816;35;60
2817;89;35
2818;25;29
2819;55;68
2820;67;24
2821;91;56
2822;34;100
2823;45;90
2824;73;-8
2825;18;39
2826;21;-10
2827;36;57
2828;60;38
2829;42;76
2830;100;84
2831;37;73
2832;101;50
2833;44;25
2834;71;67
2835;69;62
2836;53;54
2837;75;39
2838;70;56
2839;128;60
2840;8;82
2841;153;55
2842;69;69
2843;37;25
2844;56;92
2845;99;41
2846;95;17
2847;75;49
2848;23;37
2849;90;15
2850;8;63
2851;37;98
2852;37;54
2853;71;62
2854;39;72
2855;20;-26
2856;8;65
2857;59;42
2858;-21;115
2859;53;57
2860;60;68
2861;71;61
2862;29;37
2863;45;35
2864;73;47
2865;52;71
2866;77;18
2867;12;43
2868;82;27
2869;21;24
2870;42;30
2871;13;76
2872;126;-4
2873;66;91
2874;36;37
2875;43;37
2876;47;70
2877;118;-19
2878;44;40
2879;89;14
2880;73;71
2881;19;77
2882;61;89
2883;70;66
2884;110;84
2885;48;84
2886;45;52
2887;33;64
2888;16;66
2889;44;84
2890;36;93
2891;102;52
2892;56;50
2893;-4;28
2894;75;81
2895;60;57
2896;45;82
2897;70;53
2898;8;58
2899;73;42
2900;79;36
2901;60;51
2902;58;14
2903;80;4
2904;49;74
2905;91;42
2906;89;85
2907;58;38
2908;50;58
2909;76;28
2910;49;78
2911;72;54
2912;82;52
2913;83;70
2914;35;71
2915;46;23
2916;56;72
2917;96;27
2918;53;64
2919;55;18
2920;69;65
2921;51;37
2922;77;51
2923;25;68
2924;20;14
2925;8;40
2926;16;24
2927;61;87
2928;19;80
2929;77;46
2930;78;21
2931;35;91
2932;47;37
2933;37;99
2934;23;22
2935;65;91
2936;80;53
2937;38;20
2938;77;15
2939;37;95
2940;50;30
2941;27;79
2942;85;13
2943;34;20
2944;36;47
2945;55;47
2946;100;46
2947;18;-34
2948;81;70
2949;42;42
2950;103;44
2951;65;49
2952;36;19
2953;0;73
2954;91;44
2955;63;26
2956;98;38
2957;87;36
2958;111;-19
2959;102;68
2960;94;35
2961;44;88
2962;70;28
2963;58;49
2964;81;53
2965;64;32
2966;69;28
2967;84;30
2968;36;30
2969;33;35
2970;77;52
2971;53;16
2972;103;93
2973;85;68
2974;102;57
2975;53;38
2976;42;36
2977;31;68
2978;15;40
2979;95;27
2980;54;75
2981;109;87
2982;54;71
2983;27;42
2984;58;61
2985;23;28
2986;25;67
2987;38;92
2988;28;41
2989;71;44
2990;48;57
2991;66;54
2992;68;15
2993;145;-13
2994;15;50
2995;118;-16
2996;43;19
2997;80;48
2998;77;29
2999;37;20
3000;4;45
3001;32;29
3002;75;27
3003;62;47
3004;83;52
3005;49;63
3006;68;19
3007;22;37
3008;68;16
3009;53;45
3010;76;18
3011;138;3
3012;31;91
3013;70;52
3014;24;24
3015;22;27
3016;60;90
3017;107;118
3018;33;31
3019;49;35
3020;14;71
3021;70;32
3022;47;88
3023;35;30
3024;35;53
3025;78;57
3026;19;-34
3027;24;14
3028;107;107
3029;20;15
3030;78;31
3031;91;39
3032;145;-10
3033;78;63
3034;18;-35
3035;85;35
3036;36;17
3037;73;15
3038;13;83
3039;141;49
3040;33;71
3041;19;73
3042;55;52
3043;90;83
3044;56;58
3045;44;42
3046;91;26
3047;46;51
3048;81;56
3049;32;38
3050;85;63
3051;89;10
3052;18;-20
3053;26;31
3054;82;36
3055;31;98
3056;24;9
3057;36;39
3058;43;23
3059;48;78
3060;151;54
3061;70;49
3062;29;31
3063;136;48
3064;37;97
3065;57;90
3066;66;96
3067;88;79
3068;114;-16
3069;115;87
3070;93;57
3071;34;41
3072;-10;92
3073;83;46
3074;92;31
3075;82;31
3076;68;46
3077;40;61
3078;44;49
3079;97;41
3080;31;76
3081;63;60
3082;39;84
3083;65;63
3084;42;19
3085;21;15
3086;63;57
3087;59;41
3088;75;66
3089;48;90
3090;65;65
3091;30;36
3092;83;23
3093;73;25
3094;53;48
3095;61;46
3096;78;65
3097;72;85
3098;30;43
3099;24;53
3100;15;70
3101;61;14
3102;78;42
3103;58;71
3104;73;20
3105;14;76
3106;74;4
3107;74;47
3108;68;20
3109;70;31
3110;44;98
3111;108;70
3112;47;15
3113;106;80
3114;48;83
3115;45;74
3116;67;56
3117;35;19
3118;63;47
3119;48;25
3120;87;75
3121;9;40
3122;74;54
3123;63;51
3124;45;72
3125;114;67
3126;97;63
3127;100;28
3128;68;56
3129;70;29
3130;18;73
3131;76;9
3132;72;3
3133;66;61
3134;76;15
3135;128;46
3136;27;73
3137;131;13
3138;89;23
3139;54;74
3140;2;87
3141;62;61
3142;75;67
3143;73;21
3144;100;51
3145;81;27
3146;83;85
3147;77;11
3148;104;70
3149;-18;113
3150;108;65
3151;29;48
3152;20;73
3153;128;61
3154;19;64
3155;21;-7
3156;48;63
3157;23;23
3158;7;40
3159;63;64
3160;54;38
3161;83;58
3162;45;14
3163;13;-28
3164;85;6
3165;74;56
3166;88;68
3167;58;33
3168;79;44
3169;47;57
3170;67;15
3171;58;35
3172;10;40
3173;69;70
3174;98;46
3175;68;65
3176;16;54
3177;25;51
3178;37;49
3179;53;34
3180;0;66
3181;74;57
3182;69;22
3183;132;54
3184;36;70
3185;75;35
3186;62;56
3187;132;2
3188;66;77
3189;-1;48
3190;71;60
3191;71;69
3192;32;33
3193;54;21
3194;40;89
3195;34;70
3196;64;22
3197;55;49
3198;41;79
3199;101;35
3200;88;61
3201;33;88
3202;59;12
3203;18;76
3204;39;90
3205;23;71
3206;18;24
3207;36;95
3208;31;67
3209;7;45
3210;43;22
3211;20;10
3212;62;90
3213;38;57
3214;45;19
3215;10;43
3216;82;68
3217;93;75
3218;95;35
3219;16;48
3220;75;50
3221;36;4
3222;62;89
3223;87;70
3224;83;19
3225;10;34
3226;79;56
3227;53;67
3228;67;89
3229;115;94
3230;73;65
3231;12;34
3232;72;92
3233;70;50
3234;78;46
3235;30;-10
3236;25;61
3237;58;58
3238;77;33
3239;73;19
3240;30;35
3241;42;40
3242;76;5
3243;39;57
3244;16;50
3245;-27;115
3246;21;78
3247;58;55
3248;47;21
3249;68;51
3250;96;39
3251;72;8
3252;90;64
3253;62;57
3254;67;12
3255;95;32
3256;51;33
3257;73;58
3258;40;97
3259;57;12
3260;86;45
3261;42;46
3262;20;52
3263;70;37
3264;86;80
3265;78;27
3266;79;51
3267;13;55
3268;42;56
3269;25;56
3270;82;44
3271;86;46
3272;36;90
3273;73;63
3274;42;69
3275;45;86
3276;48;37
3277;34;12
3278;82;49
3279;19;62
3280;75;18
3281;124;-11
3282;56;12
3283;23;54
3284;52;81
3285;53;43
3286;88;52
3287;31;70
3288;73;32
3289;92;13
3290;79;57
3291;52;85
3292;31;20
3293;73;44
3294;76;56
3295;82;62
3296;60;36
3297;112;25
3298;66;75
3299;132;46
3300;64;61
3301;83;50
3302;95;20
3303;10;53
3304;69;50
3305;131;-2
3306;76;83
3307;54;51
3308;28;69
3309;84;27
3310;73;39
3311;53;72
3312;71;46
3313;55;16
3314;35;22
3315;33;20
3316;35;98
3317;28;30
3318;88;27
3319;24;31
3320;26;36
3321;73;81
3322;16;40
3323;72;53
3324;50;26
3325;43;29
3326;26;73
3327;85;32
3328;40;71
3329;16;15
3330;39;92
3331;100;39
3332;42;24
3333;43;98
3334;83;44
3335;72;56
3336;40;54
3337;48;56
3338;51;16
3339;53;75
3340;50;79
3341;44;63
3342;20;13
3343;33;97
3344;27;78
3345;13;27
3346;8;68
3347;104;64
3348;56;9
3349;33;43
3350;96;10
3351;6;68
3352;79;39
3353;89;45
3354;10;60
3355;54;41
3356;73;8
3357;109;73
3358;81;71
3359;135;34
3360;36;87
3361;29;68
3362;28;23
3363;35;57
3364;30;27
3365;70;62
3366;20;9
3367;24;30
3368;68;60
3369;128;40
3370;24;38
3371;43;73
3372;48;60
3373;56;70
3374;-4;32
3375;43;31
3376;48;16
3377;87;25
3378;151;56
3379;31;35
3380;42;23
3381;19;63
3382;58;68
3383;75;57
3384;81;29
3385;65;55
3386;4;53
3387;126;35
3388;65;32
3389;108;75
3390;65;54
3391;86;42
3392;31;56
3393;94;49
3394;73;62
3395;59;54
3396;8;76
3397;79;41
3398;62;58
3399;89;78
3400;45;69
3401;57;37
3402;36;31
3403;30;31
3404;81;42
3405;58;69
3406;70;77
3407;68;42
3408;76;58
3409;48;26
3410;152;-8
3411;39;67
3412;80;69
3413;61;54
3414;42;13
3415;68;14
3416;77;50
3417;14;82
3418;68;47
3419;25;59
3420;50;54
3421;37;101
3422;61;48
3423;30;77
3424;19;17
3425;65;66
3426;67;13
3427;40;23
3428;87;39
3429;58;81
3430;29;93
3431;129;54
3432;79;46
3433;72;79
3434;54;44
3435;81;19
3436;58;76
3437;145;3
3438;63;73
3439;98;54
3440;55;51
3441;27;17
3442;39;31
3443;91;70
3444;25;37
3445;113;70
3446;83;20
3447;41;41
3448;19;29
3449;87;26
3450;62;54
3451;50;82
3452;63;85
3453;4;56
3454;86;66
3455;36;48
3456;63;45
3457;48;33
3458;68;3
3459;62;49
3460;47;28
3461;49;57
3462;37;4
3463;71;73
3464;70;-11
3465;89;40
3466;49;67
3467;70;35
3468;73;40
3469;36;40
3470;26;54
3471;124;-18
3472;15;51
3473;80;42
3474;84;46
3475;150;54
3476;64;29
3477;65;59
3478;107;116
3479;56;57
3480;28;64
3481;73;64
3482;64;67
3483;132;6
3484;68;100
3485;43;28
3486;30;42
3487;33;63
3488;40;31
3489;19;52
3490;26;32
3491;114;-20
3492;13;-25
3493;75;29
3494;73;54
3495;32;93
3496;60;43
3497;126;-10
3498;79;31
3499;34;56
3500;69;56
3501;31;1
3502;52;35
3503;40;10
3504;93;48
3505;63;77
3506;21;9
3507;13;-37
3508;96;44
3509;44;7
3510;34;26
3511;91;61
3512;63;49
3513;66;82
3514;31;32
3515;71;54
3516;-21;116
3517;71;12
3518;45;83
3519;112;66
3520;109;82
3521;19;84
3522;82;57
3523;82;42
3524;70;2
3525;76;66
3526;87;33
3527;18;82
3528;14;30
3529;9;58
3530;72;57
3531;25;41
3532;96;20
3533;74;20
3534;71;3
3535;4;46
3536;44;43
3537;77;86
3538;79;67
3539;86;30
3540;68;38
3541;76;61
3542;75;46
3543;42;70
3544;79;59
3545;70;58
3546;14;24
3547;10;24
3548;27;74
3549;35;83
3550;49;76
3551;44;39
3552;159;55
3553;70;7
3554;70;16
3555;67;18
3556;46;71
3557;23;-25
3558;59;17
3559;35;90
3560;27;72
3561;82;43
3562;81;38
3563;79;20
3564;73;48
3565;73;-15
3566;90;9
3567;17;20
3568;18;74
3569;93;74
3570;96;54
3571;37;70
3572;134;54
3573;99;84
3574;13;-26
3575;7;58
3576;25;58
3577;103;46
3578;93;36
3579;81;24
3580;70;81
3581;84;57
3582;31;17
3583;43;38
3584;61;31
3585;79;21
3586;116;-19
3587;32;57
3588;93;23
3589;73;69
3590;38;21
3591;89;41
3592;9;73
3593;42;17
3594;95;24
3595;61;32
3596;9;50
3597;52;69
3598;50;20
3599;78;35
3600;69;21
3601;69;33
3602;54;73
3603;78;60
3604;57;73
3605;95;83
3606;70;57
3607;83;38
3608;83;29
3609;134;6
3610;88;36
3611;8;42
3612;52;37
3613;5;76
3614;48;-2
3615;85;65
3616;19;89
3617;128;41
3618;47;66
3619;88;35
3620;85;52
3621;27;15
3622;16;82
3623;47;-2
3624;76;54
3625;37;22
3626;56;52
3627;37;82
3628;57;80
3629;31;21
3630;34;97
3631;51;28
3632;31;96
3633;130;33
3634;44;19
3635;12;40
3636;35;95
3637;19;67
3638;36;56
3639;70;26
3640;108;62
3641;28;37
3642;79;18
3643;129;49
3644;116;84
3645;73;-21
3646;75;51
3647;21;-3
3648;13;71
3649;72;40
3650;55;23
3651;59;76
3652;73;3
3653;23;15
3654;46;65
3655;102;17
3656;66;13
3657;89;42
3658;68;93
3659;21;65
3660;13;58
3661;83;56
3662;56;98
3663;25;33
3664;95;60
3665;29;18
3666;62;12
3667;52;34
3668;71;53
3669;80;44
3670;21;41
3671;107;46
3672;64;44
3673;80;54
3674;109;44
3675;22;15
3676;34;51
3677;76;27
3678;49;17
3679;69;37
3680;63;58
3681;76;42
3682;75;22
3683;4;69
3684;25;52
3685;90;63
3686;106;50
3687;143;1
3688;52;75
3689;41;56
3690;51;60
3691;27;63
3692;23;-3
3693;108;76
3694;126;41
3695;51;84
3696;99;73
3697;31;16
3698;-21;112
3699;52;43
3700;59;78
3701;19;79
3702;24;32
3703;93;52
3704;21;82
3705;52;52
3706;52;44
3707;125;-10
3708;95;28
3709;141;3
3710;37;92
3711;41;29
3712;64;50
3713;73;41
3714;23;39
3715;37;19
3716;73;31
3717;77;14
3718;64;18
3719;73;73
3720;137;41
3721;141;1
3722;66;16
3723;79;25
3724;31;31
3725;35;84
3726;24;52
3727;76;49
3728;93;53
3729;17;27
3730;56;101
3731;64;76
3732;27;33
3733;63;37
3734;83;61
3735;125;33
3736;66;32
3737;96;25
3738;26;47
3739;58;74
3740;79;64
3741;73;50
3742;47;60
3743;36;21
3744;54;69
3745;25;21
3746;142;34
3747;89;77
3748;89;52
3749;68;101
3750;20;-33
3751;103;48
3752;5;58
3753;22;33
3754;71;47
3755;38;45
3756;109;83
3757;69;8
3758;45;17
3759;69;27
3760;69;46
3761;45;80
3762;95;26
3763;77;17
3764;30;20
3765;39;81
3766;76;50
3767;84;43
3768;99;35
3769;42;11
3770;41;24
3771;49;37
3772;88;19
3773;83;57
3774;40;21
3775;64;30
3776;139;1
3777;66;5
3778;9;43
3779;33;74
3780;34;14
3781;33;37
3782;58;44
3783;32;31
3784;60;82
3785;110;64
3786;25;1
3787;49;19
3788;87;77
3789;69;52
3790;90;67
3791;21;34
3792;49;58
3793;68;37
3794;5;57
3795;40;25
3796;57;75
3797;103;43
3798;68;49
3799;51;69
3800;38;41
3801;116;77
3802;36;98
3803;95;47
3804;107;115
3805;38;81
3806;85;57
3807;117;-18
3808;44;87
3809;67;63
3810;54;42
3811;4;55
3812;81;49
3813;46;48
3814;117;87
3815;133;52
3816;6;-26
3817;129;46
3818;69;18
3819;71;81
3820;33;60
3821;48;19
3822;37;41
3823;86;35
3824;61;47
3825;72;58
3826;47;56
3827;13;82
3828;105;48
3829;7;57
3830;14;36
3831;69;31
3832;87;29
3833;14;44
3834;73;29
3835;62;60
3836;46;86
3837;17;21
3838;104;56
3839;65;42
3840;26;80
3841;5;30
3842;45;43
3843;110;62
3844;67;22
3845;64;39
3846;26;97
3847;44;23
3848;75;56
3849;118;-10
3850;32;102
3851;62;59
3852;58;65
3853;60;59
3854;126;-3
3855;77;49
3856;46;83
3857;16;-28
3858;31;15
3859;24;34
3860;123;35
3861;77;19
3862;62;78
3863;82;46
3864;20;37
3865;106;66
3866;86;52
3867;59;13
3868;15;34
3869;44;14
3870;81;55
3871;15;38
3872;57;92
3873;18;46
3874;50;33
3875;75;21
3876;13;89
3877;11;68
3878;12;50
3879;90;32
3880;61;81
3881;113;75
3882;63;101
3883;30;33
3884;81;57
3885;119;35
3886;36;44
3887;79;27
3888;14;-7
3889;105;51
3890;103;87
3891;37;50
3892;36;82
3893;26;44
3894;54;20
3895;40;73
3896;91;45
3897;11;42
3898;59;56
3899;110;-16
3900;65;87
3901;51;63
3902;91;75
3903;36;15
3904;35;94
3905;28;73
3906;76;34
3907;68;8
3908;126;4
3909;77;45
3910;21;26
3911;54;70
3912;82;21
3913;64;89
3914;14;18
3915;49;90
3916;124;-10
3917;23;18
3918;16;73
3919;80;36
3920;54;1
3921;71;57
3922;7;87
3923;71;20
3924;91;35
3925;58;51
3926;52;78
3927;72;65
3928;19;72
3929;5;68
3930;21;21
3931;75;7
3932;72;22
3933;108;73
3934;71;24
3935;75;23
3936;93;26
3937;77;3
3938;51;40
3939;58;75
3940;14;27
3941;80;68
3942;25;45
3943;120;32
3944;39;96
3945;29;14
3946;21;77
3947;47;84
3948;23;27
3949;75;48
3950;68;92
3951;59;20
3952;89;61
3953;103;81
3954;66;-8
3955;39;23
3956;77;48
3957;60;41
3958;14;50
3959;105;55
3960;33;45
3961;85;36
3962;50;13
3963;80;73
3964;6;27
3965;67;8
3966;99;42
3967;2;81
3968;54;24
3969;75;64
3970;78;84
3971;52;20
3972;73;38
3973;99;30
3974;42;31
3975;97;45
3976;48;43
3977;96;36
3978;4;48
3979;33;70
3980;15;76
3981;70;51
3982;59;67
3983;88;67
3984;64;66
3985;62;75
3986;93;43
3987;66;8
3988;54;54
3989;121;-25
3990;56;80
3991;76;68
3992;68;7
3993;72;20
3994;90;34
3995;42;68
3996;18;70
3997;141;34
3998;114;-11
3999;34;85
4000;75;8
4001;89;11
4002;27;65
4003;63;62
4004;70;-9
4005;73;67
4006;39;37
4007;42;47
4008;91;62
4009;49;44
4010;31;30
4011;115;83
4012;112;44
4013;78;15
4014;54;66
4015;49;70
4016;48;80
4017;16;32
4018;24;45
4019;37;31
4020;59;69
4021;75;61
4022;96;46
4023;84;24
4024;28;48
4025;43;66
4026;58;9
4027;24;27
4028;43;42
4029;27;66
4030;87;34
4031;49;42
4032;99;57
4033;36;60
4034;5;66
4035;83;32
4036;52;77
4037;63;16
4038;85;60
4039;44;65
4040;81;23
4041;36;69
4042;41;69
4043;79;22
4044;115;61
4045;17;76
4046;74;37
4047;35;28
4048;45;70
4049;87;38
4050;74;8
4051;47;33
4052;1;50
4053;93;31
4054;24;21
4055;5;50
4056;39;42
4057;52;84
4058;97;87
4059;29;42
4060;48;82
4061;51;79
4062;35;96
4063;57;45
4064;126;52
4065;153;-8
4066;24;50
4067;33;14
4068;36;46
4069;-21;114
4070;13;85
4071;103;57
4072;31;50
4073;33;3
4074;4;58
4075;112;-18
4076;35;39
4077;11;45
4078;30;71
4079;14;21
4080;27;35
4081;109;71
4082;74;35
4083;36;91
4084;73;43
4085;60;29
4086;51;35
4087;88;57
4088;18;75
4089;91;31
4090;34;29
4091;67;64
4092;61;88
4093;102;62
4094;33;21
4095;45;91
4096;12;-25
4097;13;31
4098;65;18
4099;37;87
4100;54;84
4101;103;95
4102;41;27
4103;42;12
4104;46;25
4105;45;48
4106;45;77
4107;7;50
4108;88;62
4109;90;16
4110;60;14
4111;39;41
4112;23;66
4113;-4;73
4114;45;41
4115;78;22
4116;48;65
4117;48;62
4118;105;107
4119;14;45
4120;56;33
4121;80;57
4122;47;32
4123;42;35
4124;95;33
4125;69;58
4126;37;55
4127;34;94
4128;37;11
4129;-16;113
4130;76;55
4131;-1;27
4132;70;15
4133;68;48
4134;76;45
4135;29;9
4136;46;35
4137;27;28
4138;49;85
4139;30;17
4140;69;24
4141;20;59
4142;28;53
4143;-4;33
4144;123;-25
4145;83;33
4146;132;12
4147;80;7
4148;31;51
4149;105;52
4150;45;18
4151;19;87
4152;9;51
4153;24;73
4154;41;32
4155;120;31
4156;63;56
4157;41;39
4158;32;30
4159;35;103
4160;48;3
4161;145;-6
4162;41;101
4163;130;31
4164;48;31
4165;66;29
4166;44;80
4167;120;-10
4168;42;64
4169;95;42
4170;120;83
4171;119;31
4172;68;39
4173;84;20
4174;81;21
4175;35;33
4176;67;58
4177;94;73
4178;29;59
4179;21;48
4180;73;-13
4181;41;95
4182;86;76
4183;44;71
4184;40;83
4185;42;59
4186;53;41
4187;25;54
4188;40;27
4189;106;83
4190;69;47
4191;31;92
4192;31;29
4193;68;24
4194;70;18
4195;6;58
4196;75;28
4197;85;25
4198;17;77
4199;46;63
4200;45;16
4201;73;53
4202;138;-2
4203;137;1
4204;9;32
4205;117;-15
4206;96;32
4207;24;71
4208;43;18
4209;128;67
4210;89;38
4211;69;15
4212;29;-3
4213;74;3
4214;15;48
4215;63;79
4216;98;31
4217;153;46
4218;99;43
4219;44;74
4220;38;56
4221;66;74
4222;54;85
4223;61;41
4224;93;9
4225;91;46
4226;61;101
4227;69;73
4228;45;66
4229;88;75
4230;54;49
4231;59;-3
4232;70;48
4233;83;37
4234;123;33
4235;66;44
4236;65;58
4237;17;41
4238;26;35
4239;50;16
4240;93;68
4241;31;27
4242;77;57
4243;89;63
4244;37;64
4245;75;44
4246;30;52
4247;59;1
4248;34;65
4249;41;75
4250;27;83
4251;45;13
4252;27;41
4253;3;40
4254;58;45
4255;41;26
4256;21;66
4257;62;94
4258;50;14
4259;73;-22
4260;48;2
4261;98;61
4262;74;40
4263;56;67
4264;48;39
4265;147;-8
4266;46;66
4267;94;46
4268;65;-8
4269;64;75
4270;39;35
4271;20;18
4272;100;33
4273;73;-3
4274;49;24
4275;102;74
4276;40;90
4277;31;55
4278;32;84
4279;87;32
4280;-1;28
4281;64;12
4282;1;46
4283;71;13
4284;19;30
4285;37;100
4286;18;-39
4287;52;27
4288;12;-26
4289;62;9
4290;27;71
4291;79;68
4292;63;84
4293;86;56
4294;53;14
4295;101;10
4296;6;-32
4297;133;30
4298;151;59
4299;36;35
4300;35;32
4301;48;75
4302;79;66
4303;47;97
4304;52;9
4305;69;59
4306;73;26
4307;36;92
4308;5;71
4309;45;68
4310;99;45
4311;15;85
4312;138;6
4313;20;71
4314;79;10
4315;26;60
4316;32;34
4317;100;52
4318;34;64
4319;61;82
4320;78;53
4321;65;14
4322;33;42
4323;5;74
4324;45;63
4325;22;31
4326;77;35
4327;26;56
4328;21;64
4329;64;36
4330;25;26
4331;51;59
4332;78;33
4333;33;73
4334;90;58
4335;19;48
4336;89;47
4337;101;107
4338;34;73
4339;100;60
4340;9;87
4341;90;53
4342;23;41
4343;109;-19
4344;72;59
4345;65;92
4346;101;51
4347;93;79
4348;20;40
4349;80;13
4350;61;85
4351;111;-22
4352;117;-19
4353;120;36
4354;43;57
4355;41;54
4356;55;48
4357;16;44
4358;99;46
4359;31;66
4360;88;26
4361;11;85
4362;57;66
4363;9;46
4364;100;90
4365;34;36
4366;22;26
4367;90;46
4368;15;67
4369;92;64
4370;84;19
4371;61;44
4372;15;52
4373;53;21
4374;97;88
4375;82;32
4376;29;44
4377;96;33
4378;49;21
4379;36;1
4380;71;84
4381;32;49
4382;52;86
4383;96;64
4384;98;42
4385;117;-16
4386;34;63
4387;52;73
4388;19;37
4389;43;44
4390;80;26
4391;107;84
4392;97;32
4393;43;9
4394;29;74
4395;42;53
4396;89;18
4397;61;91
4398;62;50
4399;137;0
4400;71;75
4401;41;13
4402;69;89
4403;81;48
4404;42;25
4405;26;45
4406;127;67
4407;44;97
4408;26;21
4409;53;46
4410;5;31
4411;107;79
4412;82;23
4413;15;68
4414;24;43
4415;27;32
4416;25;19
4417;59;25
4418;115;86
4419;73;-11
4420;63;32
4421;49;13
4422;78;30
4423;23;82
4424;56;17
4425;61;51
4426;51;88
4427;102;60
4428;23;69
4429;38;19
4430;77;25
4431;60;65
4432;13;60
4433;66;43
4434;27;44
4435;74;29
4436;51;92
4437;39;15
4438;55;33
4439;41;100
4440;129;40
4441;0;27
4442;23;24
4443;78;43
4444;77;88
4445;56;91
4446;97;67
4447;16;34
4448;28;76
4449;82;37
4450;28;31
4451;32;28
4452;40;91
4453;59;51
4454;105;57
4455;129;2
4456;98;23
4457;85;37
4458;13;15
4459;63;83
4460;40;93
4461;123;38
4462;102;55
4463;40;28
4464;27;86
4465;71;65
4466;82;22
4467;126;-14
4468;40;96
4469;26;23
4470;129;-25
4471;99;39
4472;37;52
4473;149;-10
4474;33;68
4475;107;70
4476;27;24
4477;47;87
4478;29;65
4479;56;56
4480;106;97
4481;62;62
4482;38;55
4483;117;-13
4484;59;82
4485;15;42
4486;60;58
4487;59;9
4488;123;-13
4489;36;75
4490;5;36
4491;125;29
4492;71;2
4493;53;40
4494;62;66
4495;70;44
4496;17;78
4497;92;24
4498;133;29
4499;77;13
4500;59;65
4501;80;70
4502;89;91
4503;19;39
4504;23;-7
4505;32;44
4506;41;21
4507;3;35
4508;10;78
4509;40;26
4510;73;68
4511;25;12
4512;75;42
4513;65;11
4514;88;91
4515;46;91
4516;61;33
4517;68;35
4518;90;91
4519;67;25
4520;78;82
4521;58;26
4522;76;14
4523;89;39
4524;62;67
4525;103;17
4526;-16;117
4527;97;85
