68,69210542386325
46,26396159689447
80,38724769378426
96,06923093016442
94,41116118158482
50,175599416788835
131,731882629156
70,87614081331003
47,01423805081335
130,56304283722773
176,8813831465558
29,107656266311245
122,39640011177546
21,481600627631206
15,364868634163933
60,166764127773135
42,242651518610245
80,38724769378426
133,707660087869
203,27257272147713
36,65731678549577
201,99686183582898
197,2335211022693
261,22410440584946
12,482205979457374
108,96815820258284
204,53804393447467
108,7956863506808
226,16675058383083
136,08415956429556
194,73992701940688
76,10719556292041
56,721762880716284
163,1223596931549
53,00562524368391
118,01558064672057
92,61445556037137
64,81606787188586
135,8695973955666
56,5361872327606
88,52076090038096
68,69210542386325
0
101,2949946037214
56,96735511664072
125,85392875878642
70,13435006697192
66,34140295936504
76,82080310919746
21,396825708030928
179,22492846303606
53,225284261178054
38,25588280843658
192,7978629293031
29,305276851084795
43,76565145264509
84,98936446519788
179,96608006761844
68,16929470809511
0
48,18227920686868
65,3451971185495
103,28248627669605
22,972169153904886
193,3877060286355
84,98936446519788
28,103573404622843
84,53759108266094
217,29184255242475
56,96735511664072
68,69210542386325
208,62984773621133
29,107656266311245
120,29318173466817
46,24783488250805
81,21504952677655
110,33724057636941
44,622046930461075
84,98936446519788
89,14838210138826
16,405594607197767
51,59061109921344
55,830120973177586
47,78435851392612
105,21959562294278
13,34905907247453
29,107656266311245
38,04551195627769
118,10336344088145
50,91516868618544
71,05574753186524
88,28309798993786
50,98105108122159
83,70115314351366
81,6456879914712
68,69210542386325
66,19899040545876
88,60273212048851
37,158736247376424
121,13345787082213
86,47273859129854
70,48639163242032
97,10006745404976
12,821477985878774
41,471580427076546
44,58982296717936
137,61868792088652
63,175469658107204
96,10035323742464
21,396825708030928
245,49806593028745
78,23282612715012
203,27688435002113
123,11500329610823
80,28979849112773
46,24783488250805
68,65660994761224
69,61629424637545
141,46726922168048
0
44,912345741005026
216,98794273487064
98,64863284042552
84,98936446519788
93,96831790524847
16,405594607197767
133,30511397388523
133,4346092100011
183,68258716506034
66,34140295936504
12,821477985878774
106,8088000668718
142,10504592374733
140,87064878247395
101,12981498692473
34,17521006412175
74,45253149563644
0
148,96624132819267
56,26592562175601
74,87247051064271
104,80697481438042
277,5132791196516
97,31178904842817
84,11303575913323
60,166764127773135
74,43224512526758
12,821477985878774
31,539147886565498
64,28060490642795
93,44275750732939
12,482205979457374
38,24243426916027
39,555882240730824
86,5253269525937
72,5258295312517
9,234925438142259
62,36292099387208
49,37152522957927
86,79482546872302
92,0957144247961
67,69806328482238
105,57435256529831
23,789548609666323
12,821477985878774
68,69210542386325
29,305276851084795
29,107656266311245
86,5253269525937
31,20433117476994
104,7563201812261
61,51320519052054
168,65626220966394
81,44385294402224
115,20149483750495
70,49090159919717
22,070423237923368
41,09069827022534
12,821477985878774
87,44526104265447
76,78995994470475
179,87036826722763
164,43393715032434
29,107656266311245
148,25619581588714
17,318845638871743
33,50697292543076
105,21959562294278
29,107656266311245
58,71261167637885
45,29614700982384
61,22035454269651
12,821477985878774
18,013754250163178
44,912345741005026
128,97529305910686
151,61245916444557
179,96608006761844
29,107656266311245
76,62376742214568
32,4497923001087
96,69950867982801
8,576397121865055
59,339646375639084
93,05752634314327
72,15268286936045
97,68567883376046
72,34145650615434
53,49738868861212
86,79482546872302
170,29632316717726
55,830120973177586
46,24783488250805
47,78435851392612
181,697737586197
74,01172888111947
29,107656266311245
65,3451971185495
47,78435851392612
6,444641354205738
148,25619581588714
59,32362028913165
16,67826510866015
44,912345741005026
12,821477985878774
187,31985631600713
14,761829915574761
44,35439326700014
82,86336916566457
97,10006745404976
99,92232554298671
34,17521006412175
26,653686511656275
82,5705058428029
82,12075902282507
42,80244708745563
21,460065847316354
92,02061307064159
132,0378927535513
38,25588280843658
60,861720331172414
90,27913587625113
46,73362696476956
83,39193595235021
29,107656266311245
58,917203486336184
43,76565145264509
48,20252635878273
167,2961660501808
60,166764127773135
68,69210542386325
36,88904385929075
67,69806328482238
95,56410496665396
61,485956991324485
12,821477985878774
123,03849810537744
148,3677624066098
43,26569442540065
49,145888762664725
55,830120973177586
54,234612633517486
55,58212266456157
81,17473633062009
80,38724769378426
86,5253269525937
88,91551610675174
63,923296413307945
6,175752174057065
81,21504952677655
60,861720331172414
167,2961660501808
46,26396159689447
56,976147929443876
60,166764127773135
89,39306475468467
81,21504952677655
56,19093888728822
88,98329284297499
27,462996963256288
30,30016281652563
162,58142043464684
67,64171731066656
80,28979849112773
84,98936446519788
161,8156634766223
135,83826827343992
60,861720331172414
24,77569099124501
97,10006745404976
25,55494580767611
23,356530466868566
157,61754756930725
42,670779727299575
115,20149483750495
47,78435851392612
93,5492717702128
100,96192888664515
6,444641354205738
168,6018001405386
239,33196990371488
56,96735511664072
47,03983946265481
0
76,10719556292041
47,78435851392612
64,09916198613014
39,684401495135
82,7417922044453
86,5253269525937
29,107656266311245
16,67826510866015
39,59138786629119
36,610109711006075
43,420163212272534
133,707660087869
29,107656266311245
31,376204789436624
43,795771651780086
67,00600917368875
105,001324760355
50,98105108122159
12,935077215130006
154,25469067364776
53,44604629395246
29,305276851084795
100,57169381039115
67,69806328482238
46,170018968123685
36,05240824276121
48,16320526590055
47,78435851392612
6,451601809939178
29,305276851084795
42,91335207738035
12,821477985878774
44,35439326700014
21,396825708030928
84,98936446519788
11,550257356703034
139,90026589261348
65,3451971185495
4,259072463248045
10,744424641767274
46,089299951047934
12,821477985878774
59,32362028913165
158,9539565580105
169,4564412066515
121,30071676768735
17,318845638871743
24,997129113900954
36,610109711006075
102,79228929483752
40,595854313442615
60,316247252552294
30,151669847796285
38,148226872297045
103,24138803278593
167,2961660501808
60,861720331172414
47,78435851392612
60,33190054272704
102,3527427261093
16,795279071748684
88,52076090038096
21,24789388108509
44,58982296717936
31,150024622248228
42,40521161145982
2,1850566441633483
43,420163212272534
63,50182968497113
58,11656122332637
125,3399371908022
0
59,77733308547026
85,23686545175103
128,97529305910686
93,81997668263065
124,70519819252311
42,645594525290015
57,962636941898744
44,35439326700014
71,05574753186524
80,38724769378426
35,183879163463835
47,78435851392612
23,19431075037727
80,28979849112773
83,17254667431732
71,67792644330405
27,01793249575955
76,09244161785482
14,885021559870346
0
104,59201517173985
63,51215021829687
108,55060425727785
61,000358616934214
21,481600627631206
80,24056511143033
179,87036826722763
79,9169055805517
20,845323838118787
72,19225750243453
43,29734353200648
181,697737586197
61,541444271564174
165,03848816263877
36,636243682114156
37,597689131100914
70,49090159919717
37,974495580290466
27,01793249575955
40,98171416862047
43,59773165628153
70,48639163242032
87,74982036154513
173,03543807385685
115,20149483750495
0
216,98794273487064
29,107656266311245
21,46598265707343
54,771556500910236
58,09764574547998
65,8917247585295
81,67888138586798
136,3352084038259
78,9237198588163
118,82726893675925
47,78435851392612
104,7563201812261
43,420163212272534
70,19917941729753
39,69647758767969
44,06512659727181
20,852195951165573
47,78435851392612
52,76065730177049
166,82889289069456
154,30183742862965
182,49791658318455
38,5244507110207
156,33916180112575
90,36433852260609
110,11252339278671
21,481600627631206
54,0091883583525
30,223225561681875
10,76811158300218
12,821477985878774
83,70115314351366
84,3032119696847
164,49509443748812
67,00600917368875
36,610109711006075
8,402163049769277
29,336169108598114
84,98936446519788
167,2961660501808
167,743251965194
41,00350690808311
162,58142043464684
56,96735511664072
26,934527194842346
97,94354273744906
101,12981498692473
129,52181230355492
36,1141865548352
0
29,107656266311245
109,37022023883357
170,29632316717726
83,70115314351366
22,070423237923368
111,19815643829911
21,60240658614285
188,74558495843664
97,47109728424192
101,58308035280028
94,93461693185608
29,107656266311245
47,78435851392612
62,22128071812742
29,305276851084795
144,9963787928448
67,06434169993427
95,56410496665396
48,07931568721227
65,3451971185495
41,837022217696685
79,21767422473599
59,32362028913165
21,481600627631206
62,48729256445532
26,661972927864717
73,68313304573483
125,77623533896102
14,61137165282211
182,49791658318455
167,2961660501808
39,76429485599475
47,78435851392612
14,848655824553145
55,830120973177586
23,356530466868566
34,34844510454533
56,96735511664072
28,823840354317557
84,98936446519788
31,07167431170697
29,336169108598114
31,150024622248228
108,06306072585672
44,912345741005026
68,69210542386325
101,2949946037214
12,6288843302591
31,150024622248228
42,18801992374219
116,97697784010157
100,00932733216331
84,98936446519788
2,5106855999218367
86,5253269525937
104,7563201812261
76,77280948099221
38,25588280843658
64,09916198613014
29,107656266311245
40,44356547191751
60,861720331172414
21,91152281964942
56,16771721232801
43,76565145264509
127,2151519646176
14,61137165282211
95,56410496665396
55,830120973177586
50,237218392527154
63,23842444799241
84,77234936225358
44,50558439871044
167,743251965194
22,070423237923368
93,96831790524847
12,821477985878774
57,98706154301797
17,723203008487275
21,481600627631206
78,06929719584257
30,25952400629325
48,35912640336786
57,14481211103194
48,07931568721227
6,444641354205738
72,27866011736177
54,83540985974713
141,49478008287113
86,47273859129854
41,02489745027581
8,798536231428889
41,06717879683571
55,830120973177586
88,52076090038096
12,482205979457374
78,0128669443747
29,107656266311245
115,15266349769965
33,58787771915966
129,5462637098244
81,17473633062009
29,107656266311245
95,56410496665396
23,71258044948061
47,78435851392612
80,38724769378426
23,460754402586005
0
42,051548218934926
42,61301009224755
19,929368738735075
68,27670221290151
128,97529305910686
44,65679655216643
75,08355440807485
55,830120973177586
45,60617525764049
81,0600826783129
29,107656266311245
105,21959562294278
103,46536227295918
122,7848479768084
76,29208024941707
59,40585006471842
41,02489745027581
51,65644923853248
22,070423237923368
16,66545754959256
64,28060490642795
12,482205979457374
86,5253269525937
43,76565145264509
167,2961660501808
137,6036737963042
0
163,92253869014246
18,013754250163178
56,46523355791582
0
67,00600917368875
81,44385294402224
44,06649032470255
12,821477985878774
16,405594607197767
58,385750480141155
181,697737586197
100,8721551399386
29,107656266311245
142,0301954352946
42,19785823252913
0
38,636212162994894
84,98936446519788
80,38724769378426
60,104022309114626
179,96608006761844
48,18227920686868
182,49791658318455
68,69210542386325
112,97982835457961
0
29,107656266311245
50,781337727462734
154,9576338968598
181,697737586197
57,013722327244835
31,150024622248228
76,78995994470475
101,12981498692473
0
78,75751979157245
12,482205979457374
205,5876756859554
152,81412023437457
80,38724769378426
51,7686338084537
121,6239385441138
61,214594974219494
75,08355440807485
48,8123510323349
0
108,55060425727785
87,67536455875923
183,96217206896426
16,655318424404296
56,929717153738935
70,49090159919717
242,2460710933702
103,46536227295918
54,32594935432003
47,78435851392612
42,292431078802586
153,34082395605964
49,11988568160193
114,06074042193171
86,9750752686613
68,69210542386325
120,56558479317916
131,2973130795227
95,96304993767609
67,02910513240367
152,40000550862464
71,75196036667623
203,7393216675807
37,82587217372452
27,592791840513076
82,97981543141805
50,98105108122159
94,92970260895953
63,37784389208333
94,54735872663036
141,2178422120526
105,57435256529831
165,73262010411298
47,78435851392612
243,9166944225526
55,899216705388575
60,166764127773135
41,358168858942484
25,33213996986258
65,75539034652128
57,76381688735124
44,16777075186428
89,40975088871852
55,01712582745855
41,37738958998453
30,163968501046345
12,54643486891699
0
40,633949135369335
116,71479277192206
108,48888473515274
8,798536231428889
86,83750181337562
95,39263920379119
95,31599442149215
168,65626220966394
108,55060425727785
51,641539383468796
51,13024617150005
47,78435851392612
55,74491824015512
18,795433995543416
204,53804393447467
83,52035136581537
204,4137405178238
223,7678477753337
45,250191179694305
10,38613971626345
88,52076090038096
36,11001475940792
97,10006745404976
17,45985480452589
47,73510373531535
55,82655331129048
160,75405111567747
84,77234936225358
22,070423237923368
84,76424262023363
32,15647806516075
87,48284078680105
10,744424641767274
27,01793249575955
104,7544038359259
115,36080197336892
143,6672149854493
78,12382188225563
183,68258716506034
110,90618272622939
61,034765750588676
109,73494017353725
167,2961660501808
66,19899040545876
148,25619581588714
128,97529305910686
12,482205979457374
114,17358009077542
4,147710438281194
110,55629212592008
41,06365113440897
36,610109711006075
16,66545754959256
64,28060490642795
47,78435851392612
86,25479535826463
219,99829559272166
175,57858052771496
39,90286433462109
77,83102074812314
118,82726893675925
203,58400273019575
257,2770046228147
100,34789292958159
117,23978858478955
84,77234936225358
47,78435851392612
57,18837060233172
60,861720331172414
32,03521341108564
58,05865453827031
84,98936446519788
113,06697772584191
152,24625449520897
60,166764127773135
125,77623533896102
143,6672149854493
12,482205979457374
37,17574048172354
89,39306475468467
12,821477985878774
21,396825708030928
56,96735511664072
25,59399769432047
71,14195932169389
118,67699401008095
12,821477985878774
16,405594607197767
27,00621504233743
67,00600917368875
114,00720894889963
104,59201517173985
46,36258486374161
46,089299951047934
76,10719556292041
81,67888138586798
12,482205979457374
84,77234936225358
81,70946109597861
70,49090159919717
103,22328414981968
47,01423805081335
31,150024622248228
167,2961660501808
58,71261167637885
75,25399745730893
36,65731678549577
17,6567206346552
68,69210542386325
89,37095034970032
65,3451971185495
110,58758983655181
8,380707040727234
52,74974048103667
48,690234557526566
64,81606787188586
46,05742601475991
181,697737586197
90,05672338777677
84,77234936225358
129,2087174494158
94,34795752511808
93,09477510613561
142,94537777853566
70,15450122190084
68,69210542386325
23,356530466868566
44,15789127788739
21,63107182592418
12,482205979457374
22,998470679141853
61,541444271564174
66,19899040545876
116,97697784010157
55,830120973177586
67,69806328482238
167,2961660501808
16,405594607197767
64,72533499624649
66,19899040545876
8,402163049769277
113,4116419712939
8,491947655068433
89,64741379916163
103,46536227295918
68,4352128062186
45,1671051413118
47,78435851392612
123,03849810537744
66,19899040545876
83,12538130523436
13,454910336231702
82,5705058428029
86,79482546872302
25,44370204050421
36,21831491946808
54,234612633517486
81,17473633062009
80,6907577846959
50,914123047793055
12,821477985878774
56,20893733580355
16,66545754959256
80,28979849112773
42,645594525290015
101,12981498692473
65,65007809851114
18,013754250163178
14,885021559870346
179,96608006761844
80,28979849112773
8,402163049769277
167,2961660501808
58,71261167637885
86,5253269525937
21,396825708030928
32,842106598388774
29,107656266311245
120,54931437573391
181,697737586197
18,013754250163178
0
12,463801765961577
93,44275750732939
131,40147115380609
12,821477985878774
43,59773165628153
99,93729600754827
79,35140336332057
8,627258277109508
32,52214011231309
49,545914620950505
72,15268286936045
80,14291889847216
17,51122468341776
68,69210542386325
35,981193513459026
148,7207881571387
57,23652384713971
58,80250384991693
80,28979849112773
21,396825708030928
158,9539565580105
75,8940309601692
82,5705058428029
66,19899040545876
18,973909244332088
12,821477985878774
64,09916198613014
68,56506761979949
22,65255820990109
114,0253128318659
101,50922678413264
59,32362028913165
72,80457934208471
103,46536227295918
32,19246611767676
35,69370313082235
154,25469067364776
45,69441067636913
21,481600627631206
173,64248457229488
22,36482954992959
58,71261167637885
40,51435092364646
33,60407456439481
63,82654758813534
29,305276851084795
182,49791658318455
62,99901963949093
170,29632316717726
68,69210542386325
109,99840408498923
87,47589051117407
50,77122101990198
65,87359885035457
60,166764127773135
73,82346898961765
168,65626220966394
32,54342518154537
6,444641354205738
205,72907826265148
95,44010515488044
25,340816613326872
70,48639163242032
56,68727233213984
16,27597736735549
17,69854293366636
12,821477985878774
0
80,38724769378426
150,99531072256673
60,861720331172414
71,11407674255153
95,56410496665396
56,20893733580355
0
168,65626220966394
28,246304121850592
80,38724769378426
76,10719556292041
89,39306475468467
21,396825708030928
29,107656266311245
230,4657553012907
36,21345918553234
171,38796985191746
86,5253269525937
195,99770029810597
90,96232137318296
186,0883583298489
36,00176714616477
142,0301954352946
100,94236175966576
47,78435851392612
55,61666039792941
207,03197880668154
134,06672837767027
21,10827423141828
62,44456670373415
55,830120973177586
20,823077811883767
216,98794273487064
46,646316719472864
44,912345741005026
27,462773459537946
60,166764127773135
22,070423237923368
46,089299951047934
63,175469658107204
95,56410496665396
8,627258277109508
94,9787199947252
80,38724769378426
141,49478008287113
50,781337727462734
129,5462637098244
6,444641354205738
60,33190054272704
87,93973892073599
32,5472994880562
6,444641354205738
32,2218096661641
0
51,824840047739954
13,434687882941553
58,09764574547998
29,336169108598114
61,461623625347904
68,69210542386325
0
0
101,2949946037214
135,79356018956298
55,46707251116879
12,608734501977974
22,070423237923368
28,234080632344877
33,73160668256836
76,10719556292041
50,91516868618544
21,500735769823386
22,070423237923368
47,905799922933554
8,462435363652432
75,8940309601692
67,7144379310848
43,59773165628153
25,079099504366248
31,063961752321504
58,71261167637885
24,8977181283499
18,668050893310763
73,0465983817424
63,21369456109733
97,10006745404976
46,26396159689447
47,78435851392612
92,05621022009107
148,7207881571387
35,76692837490927
179,87036826722763
80,28337699854261
79,22481207644964
21,396825708030928
29,107656266311245
132,0378927535513
6,444641354205738
36,490741874309194
84,99781389408042
75,8940309601692
84,98936446519788
36,67037427126227
97,10006745404976
95,39263920379119
82,10581232934872
55,830120973177586
18,739207516206836
130,79548359203812
135,01291472680893
38,266194197674196
93,75396135851412
99,14459496905192
35,51611792828538
167,2961660501808
154,96789917238033
145,33632824868346
77,23839263687245
66,19899040545876
0
209,53483346063345
265,5812673155536
76,58610210990125
182,07663895925677
81,61860865799923
110,33724057636941
37,12757384341762
138,78166813622357
13,050777964998085
64,81606787188586
160,55760049125007
55,14405958464468
105,57435256529831
61,99602553513394
95,56410496665396
55,281309175441834
66,7129047266651
68,16929470809511
68,69210542386325
0
157,6189954940228
24,645461727248858
93,44275750732939
152,2975934991101
20,823077811883767
31,150024622248228
21,481600627631206
51,59061109921344
111,5360515928278
76,10719556292041
23,76316616873845
0
26,885887980015127
75,08355440807485
110,83269038600938
46,26396159689447
46,390522845118035
67,16068220104205
40,72739297807888
12,608734501977974
75,25399745730893
68,69210542386325
43,76565145264509
77,96927644396916
0
29,336169108598114
61,701138842250494
80,69544748670876
66,19899040545876
46,089299951047934
57,78239916642353
78,23282612715012
63,556790068858035
179,96608006761844
12,821477985878774
65,3451971185495
49,980642194519
67,02910513240367
148,7207881571387
30,163968501046345
182,5936283835754
0
46,24783488250805
19,689350442696966
21,396825708030928
199,05754136091616
33,95335603872683
60,861720331172414
68,42747416108932
55,830120973177586
131,0921355681265
29,107656266311245
42,242651518610245
105,21959562294278
0
32,12356464192112
64,28060490642795
125,02947157925738
205,72907826265148
60,12508410396756
169,4564412066515
128,39515940477426
112,26938482834773
66,34140295936504
93,92645543843618
66,27044452199013
119,27602552082674
32,169143837872156
36,610109711006075
82,97981543141805
10,72787947954835
101,69245697498404
68,69210542386325
118,01558064672057
167,2961660501808
67,69806328482238
166,82889289069456
102,79228929483752
157,32259359335762
60,166764127773135
0
67,32146918794156
53,28122179394232
73,24849841873417
29,107656266311245
19,699562614305627
54,00576167763985
85,23686545175103
0
143,00194576869185
54,90047169744585
10,76811158300218
12,821477985878774
29,107656266311245
148,25619581588714
21,396825708030928
77,07043505957581
28,234080632344877
55,46707251116879
93,96831790524847
29,107656266311245
95,86479961052385
98,01338761950498
87,47589051117407
201,7028357824343
29,107656266311245
46,089299951047934
6,444641354205738
26,828791567383846
135,79356018956298
46,05317369041694
46,646316719472864
114,83490116603515
67,15854881046444
12,821477985878774
0
108,8632397228443
41,9913401616672
25,610901756122512
33,25454874465014
67,69806328482238
167,2961660501808
91,59594696386813
56,43336165936687
153,95230431203348
74,31249912697504
194,06553902863382
220,83039026304039
256,227045178141
121,23902573754275
33,80706087542831
221,04034634977072
200,63599274523202
0
110,51121013038816
29,107656266311245
54,234612633517486
121,99898105643857
82,34845145567812
46,089299951047934
164,95522919078496
72,70523115051597
118,01558064672057
168,69350914085598
225,56408139599355
0
67,69806328482238
171,92555567216468
106,8088000668718
121,6239385441138
106,12043969252163
204,53804393447467
165,2162277428777
158,99720094941347
194,8017588062469
101,97717550985058
94,36487691017518
226,62381441614735
250,56472477545552
218,58351383525664
232,35976178145174
232,72458757482133
66,90404506563496
248,45628193135414
273,53445516143785
137,13688232723206
172,81524139610227
60,471068218483495
125,02947157925738
70,66610810926225
194,83365963369437
65,41979715969201
77,83402579533968
149,18974891757588
170,4546067273295
159,42195839402987
147,9816607072053
148,25619581588714
160,2452042653432
130,6774066686074
98,54276248854003
184,32780029669317
255,56418810060035
95,99407131778362
43,59773165628153
0
68,67693158669293
97,68567883376046
105,21959562294278
29,107656266311245
47,74356698438469
88,02512432913946
0
148,25619581588714
45,74243067439658
88,52076090038096
86,60584165410472
44,61937970629267
201,7028357824343
93,92645543843618
47,78435851392612
55,46707251116879
72,15268286936045
183,74726228843917
153,89788933643837
88,98329284297499
145,04334535226045
65,88737826830699
90,35360377251982
114,83490116603515
105,99688614992297
84,98936446519788
43,59773165628153
97,08005454503832
55,09715373844804
70,87809571414226
84,77234936225358
70,2756630703827
143,27525577101582
69,9282093002832
76,81886253763784
71,66908076666596
47,78435851392612
12,623447127380567
49,392852046288255
78,23282612715012
80,28979849112773
60,616066688754074
60,29691243259392
32,52182932063645
52,587053514524385
12,821477985878774
38,12787410102844
62,90192471874697
42,33792248813455
45,165902968519816
22,09660395202891
21,481600627631206
59,32362028913165
41,961471075660874
76,77280948099221
67,00600917368875
36,09874330076664
29,107656266311245
26,789153522585817
58,09764574547998
53,00562524368391
67,69806328482238
34,94433148458472
25,686635399206892
45,12775782307352
43,420163212272534
46,646316719472864
89,88090831015268
22,070423237923368
39,555882240730824
40,97546433389605
34,33700824893575
86,18564803973304
181,697737586197
45,29614700982384
97,10006745404976
48,16320526590055
67,69806328482238
219,27364845355942
137,73480239771192
66,19899040545876
110,33724057636941
88,98577957615257
167,6435997374479
0
67,33040643125679
67,7144379310848
39,615207270993864
88,52076090038096
60,861720331172414
48,76014733210541
196,4079283438221
160,75405111567747
138,2693305966069
252,4825244115712
200,89091807979307
0
92,02061307064159
38,5244507110207
170,7407333371419
125,84997763054854
73,61989417914548
82,97981543141805
68,9458887964865
141,49478008287113
40,824560807148394
0
81,75376051139978
75,22738907884796
115,20149483750495
75,8940309601692
86,5253269525937
38,467134570053304
41,771684478873894
92,20680503402222
47,78435851392612
83,30408922380374
153,87917164938466
16,67826510866015
88,88698376496917
90,38184285356347
84,72422037972696
27,65974415581494
67,7144379310848
74,32107233810017
84,22625476527429
23,356530466868566
154,25469067364776
68,69210542386325
208,42562795000057
29,107656266311245
82,45551508868142
21,396825708030928
152,2975934991101
55,088266281562284
21,78375891011369
65,3451971185495
43,76565145264509
22,972169153904886
12,821477985878774
46,24783488250805
0
47,78435851392612
75,08355440807485
66,19899040545876
128,39515940477426
102,54872527386809
29,3580854014798
43,59773165628153
55,14896931669996
38,25588280843658
103,07097927414236
8,798536231428889
6,444641354205738
86,83750181337562
77,64315805031623
43,76565145264509
10,540632544256944
60,861720331172414
104,7563201812261
102,11338923064164
49,863982788094255
45,60550433546256
29,107656266311245
44,61937970629267
42,54215525644845
16,67826510866015
22,070423237923368
149,78898167444288
97,59244865016845
27,01793249575955
21,481600627631206
110,55629212592008
167,40324343329542
160,87829133555059
132,32649652216546
181,697737586197
28,134063240963073
64,81066219215238
17,70051474817855
65,3451971185495
37,64319106706737
182,49791658318455
47,78435851392612
153,89788933643837
195,99770029810597
42,242651518610245
12,821477985878774
55,830120973177586
76,58610210990125
80,05627975278146
38,25588280843658
56,533130264453064
189,1286335653875
201,7028357824343
22,17565372961367
109,37022023883357
93,45081522009738
67,87088965766853
55,226792163811965
4,214103887534508
106,8088000668718
8,798536231428889
17,029710680899107
43,757540533154526
208,42562795000057
138,7583909783589
92,93757190417743
22,070423237923368
26,653686511656275
53,64465011219161
73,96604176108079
21,396825708030928
62,47792748337744
29,107656266311245
45,80499065429694
48,18227920686868
103,28248627669605
132,0378927535513
21,481600627631206
100,00932733216331
122,17025901075795
17,32943189731928
35,37028366019711
145,04334535226045
95,31599442149215
18,739207516206836
36,610109711006075
168,65626220966394
40,606151094223655
161,78792865012878
182,49791658318455
75,8940309601692
38,90546760035653
233,44923471398357
29,336169108598114
38,636212162994894
153,89788933643837
55,830120973177586
90,33411259229588
20,534862422808047
36,828844651683085
40,29557515243883
31,150024622248228
36,24908147275074
16,711065059305874
39,05925162329345
37,29708743295098
0
97,59244865016845
52,53571558649345
201,7028357824343
204,53804393447467
132,09900532462353
85,23686545175103
156,38462211475837
23,8158548672456
0
63,50182968497113
75,8940309601692
25,025213836595704
27,01793249575955
12,821477985878774
141,49478008287113
16,67826510866015
68,69210542386325
34,314906583028744
161,29499037418555
46,66656387138691
55,830120973177586
44,046710448819454
50,52162760130113
59,05430239771818
12,821477985878774
56,772307285611326
70,87967515763489
79,71132285828254
60,861720331172414
130,59073160856795
65,3451971185495
68,26656889987343
39,478224199660154
22,056129701545757
34,314906583028744
73,95690150929417
81,67888138586798
151,03117747782275
68,69210542386325
43,76565145264509
53,6408597984947
43,420163212272534
154,25469067364776
14,514815466533422
148,25619581588714
87,09520082634971
49,058759849423076
57,42932814847931
23,356530466868566
18,987767172156936
43,531510856913094
70,87967515763489
33,361861579576
86,25479535826463
60,861720331172414
12,821477985878774
121,38227122565044
16,405594607197767
29,107656266311245
65,3451971185495
82,97981543141805
83,22088924796445
115,20149483750495
139,72339128206326
62,65507684671222
87,01479720188239
62,46789939196613
67,69806328482238
40,51435092364646
56,4025892931044
16,405594607197767
60,581859236888
12,821477985878774
66,19899040545876
48,330352326965894
152,2975934991101
12,463801765961577
86,67739346680257
21,481600627631206
119,35482835734896
163,1223596931549
61,000358616934214
61,42233202584039
12,821477985878774
38,25588280843658
64,35687492497318
100,57169381039115
108,51286594258865
88,28309798993786
119,02529168656027
44,912345741005026
64,28060490642795
27,01793249575955
68,69210542386325
137,21477945739608
179,87036826722763
0
56,19093888728822
36,610109711006075
86,25479535826463
83,70115314351366
102,63032488169279
89,40975088871852
80,31742508171271
57,07244124939488
29,107656266311245
139,72339128206326
43,633316779369366
78,54980474671426
94,92970260895953
70,76554712546418
69,01755949321597
27,304062999263852
0
84,98936446519788
23,088648653238067
195,99770029810597
71,17321754917576
17,6567206346552
106,8088000668718
104,59201517173985
28,99823022456156
59,09935650525082
145,04334535226045
131,91217696074335
183,62163222525757
12,821477985878774
30,151669847796285
29,107656266311245
32,62325491779609
86,5253269525937
205,96190824568234
70,48639163242032
129,2087174494158
36,610109711006075
35,84487191276466
84,98936446519788
46,089299951047934
78,3830581028804
48,356753219706654
53,49738868861212
102,5288426570525
57,802994492412644
36,610109711006075
37,318229537040324
54,717526781294936
50,42051885515331
81,44385294402224
163,1223596931549
68,69210542386325
101,12981498692473
203,4285962772964
12,54643486891699
47,75550507301048
86,5253269525937
58,35393776917443
39,834599694835184
33,86383795249997
42,80244708745563
71,66908076666596
88,28309798993786
83,94790310292873
163,1223596931549
29,107656266311245
11,550257356703034
0
78,23282612715012
53,73453125509462
78,58406375912965
21,396825708030928
186,5897203849212
69,64649372024904
63,50182968497113
98,3764215468568
29,107656266311245
143,27525577101582
83,39314010757437
66,92322686990497
219,27364845355942
148,17984889863067
13,1170271658083
40,38098028936017
18,013754250163178
78,23282612715012
179,87036826722763
85,17013392705131
45,35465927839379
54,234612633517486
66,34140295936504
22,070423237923368
181,697737586197
0
248,50402020398252
28,98414742385675
36,610109711006075
86,79482546872302
21,396825708030928
44,230086687510315
78,85263693910724
31,990274398086953
58,06182128683812
82,10581232934872
30,151669847796285
147,43904893565522
38,926215627358815
30,508134258651623
97,59244865016845
63,175469658107204
22,070423237923368
0
47,78435851392612
148,7207881571387
84,98936446519788
86,47273859129854
154,55725279578903
128,97529305910686
6,444641354205738
93,96831790524847
0
47,78435851392612
135,83826827343992
111,35561860947112
182,9562249215729
81,27583402978988
70,1946432106964
6,444641354205738
90,8742403239707
31,2149127764571
162,27134946355127
209,53483346063345
186,1035904297341
47,78435851392612
208,42562795000057
36,610109711006075
41,24933070034551
12,821477985878774
120,72168924373976
98,73124009109777
29,305276851084795
44,06512659727181
76,00293545956164
45,60550433546256
68,81613158364331
167,39187785057166
6,444641354205738
129,52181230355492
131,372251269479
76,10719556292041
29,107656266311245
55,830120973177586
33,940029331637405
66,61821357994033
115,33106068268216
105,84893928615071
80,03953398681998
42,61301009224755
88,52076090038096
37,923464452428625
117,35466835737783
71,12776881531128
127,16006189625585
84,77234936225358
109,91965339099436
48,715847926136874
63,21369456109733
81,44385294402224
70,87967515763489
115,20149483750495
21,481600627631206
48,869210136635836
60,861720331172414
91,69856468606311
167,2961660501808
84,77234936225358
93,47802748029422
62,90171317163096
12,482205979457374
65,3451971185495
128,39515940477426
81,21504952677655
16,79692369864545
53,49738868861212
64,6551481718699
181,7934493865878
93,5492717702128
132,0378927535513
71,49550953659434
68,69210542386325
93,62876856340944
90,38184285356347
60,861720331172414
79,76878861454594
149,21703346660703
47,87134962887487
32,23345501008723
29,305276851084795
51,490345959905476
60,861720331172414
29,305276851084795
47,01423805081335
66,19899040545876
6,444641354205738
216,98794273487064
105,57435256529831
75,25399745730893
55,95195178196814
0
55,830120973177586
4,259072463248045
127,16006189625585
16,405594607197767
70,13778986469292
100,78586035636798
76,16699799056448
104,7563201812261
50,75201519799397
39,24850038615171
75,75109062448321
148,7207881571387
47,78435851392612
25,610901756122512
34,17521006412175
63,32739467169602
29,107656266311245
70,49090159919717
158,9539565580105
68,69210542386325
43,75023100976093
128,97529305910686
36,60168820409591
46,36258486374161
12,821477985878774
182,49791658318455
242,7761060568791
29,305276851084795
31,150024622248228
154,25469067364776
62,25415613629204
84,72422037972696
66,19899040545876
73,78292219929234
254,5564218489586
239,82145057094328
40,2677546518328
23,625371265779105
39,555882240730824
71,21490484933857
38,8962999300327
12,821477985878774
83,33155719943426
58,09764574547998
127,2151519646176
18,192151469947127
85,23686545175103
136,0604104076368
105,21959562294278
103,62871637085385
115,88240837925088
16,361223894132856
139,33468629507814
56,39589545337851
128,03677804079658
118,50427575967713
84,87566916290085
60,861720331172414
201,05467227173602
21,481600627631206
55,830120973177586
84,77234936225358
53,81862154944943
38,03696873865705
121,99898105643857
141,49478008287113
81,29206167337456
29,251648666726382
90,05672338777677
177,42232240506385
80,14291889847216
68,69210542386325
14,61137165282211
75,65647438813815
12,821477985878774
104,7563201812261
55,60770145561442
167,2961660501808
42,242651518610245
29,43390024346986
22,070423237923368
58,39018917676211
152,2975934991101
84,98936446519788
79,84615674564412
177,14214377690735
212,0357205326001
32,03404227362251
58,5401299468284
59,39279829265165
44,81348391774325
46,24783488250805
92,02061307064159
112,02476332386367
55,830120973177586
85,69029807285065
88,20816008109043
92,14915233993244
163,1223596931549
55,46707251116879
77,53513870881059
76,78995994470475
193,22387741699683
22,070423237923368
144,87286333748534
111,35561860947112
254,39140421472663
205,79807963404363
62,972806714880754
129,5462637098244
112,67308008247687
43,40769443181529
60,166764127773135
47,78435851392612
38,25588280843658
88,52076090038096
53,515047942845015
173,31657423090593
29,6495398731058
39,190202074536934
66,19899040545876
86,5253269525937
42,30812591677915
21,396825708030928
57,882006708738025
123,4068926030562
153,95230431203348
60,861720331172414
30,151669847796285
11,550257356703034
60,182504874208625
27,172682377591794
61,51320519052054
36,645825655006334
47,79388103589951
32,52214011231309
198,38230625512588
213,35607694709896
31,150024622248228
93,73117285186291
84,00539836931313
125,84997763054854
179,87036826722763
106,38299313275678
64,87122877510572
55,830120973177586
73,69583467299285
141,49478008287113
77,89469510723515
92,11390162981158
65,3451971185495
110,76038046857042
156,4935963842556
0
16,66545754959256
46,766945157069934
21,396825708030928
40,241359423567154
29,305276851084795
76,13325897400647
16,178686326532347
91,3337263749633
6,444641354205738
46,089299951047934
29,305276851084795
38,23133591258591
47,78435851392612
99,92232554298671
84,98936446519788
54,0091883583525
59,720254425462926
18,013754250163178
16,66545754959256
67,69806328482238
65,88737826830699
80,38724769378426
60,166764127773135
63,32739467169602
41,73956590382505
25,025213836595704
37,20581649109979
31,07167431170697
84,98936446519788
68,69210542386325
29,107656266311245
64,09916198613014
6,444641354205738
78,24650859325595
19,699562614305627
34,10633355178058
30,223225561681875
167,2961660501808
59,55048863193329
88,60273212048851
36,610109711006075
166,82889289069456
24,693499613479453
21,396825708030928
47,78435851392612
57,171726626892
93,92645543843618
53,39074911785562
38,86466316905741
67,69806328482238
66,96279366357967
59,67962951694582
43,59773165628153
14,190890825802791
24,8977181283499
60,166764127773135
0
16,405594607197767
78,35200452276725
42,80244708745563
29,305276851084795
43,59773165628153
167,39187785057166
83,53422521400819
12,821477985878774
64,72533499624649
38,25588280843658
10,58945755137626
114,17358009077542
16,67826510866015
55,830120973177586
140,46134928337065
12,821477985878774
83,70115314351366
16,72356393276742
66,19899040545876
96,63686665879084
80,24798498200238
68,69210542386325
64,09916198613014
139,72339128206326
115,33106068268216
47,78435851392612
42,33194664615298
134,71161537465926
86,5253269525937
38,09828038521711
80,24798498200238
58,52921573428028
96,31380781760157
104,7563201812261
40,09230722254672
88,31573124743247
86,47718855737182
81,26957179725282
64,81606787188586
41,550505264936376
128,97529305910686
129,28462864478644
82,97981543141805
78,23282612715012
19,593203412828558
94,34795752511808
60,861720331172414
87,80404636558323
45,64933592100706
14,65401754979365
94,68919685345242
35,22753387514537
86,5253269525937
167,2961660501808
60,166764127773135
58,09764574547998
35,21866712796916
42,03202186531439
98,88301021060158
108,96686463915555
12,482205979457374
132,0378927535513
62,963565484676856
166,82889289069456
67,42768724592533
181,697737586197
12,821477985878774
29,107656266311245
82,94359581314333
93,73117285186291
27,757181001755804
34,453639778294864
94,96528597389508
81,719230297351
34,648811120322634
84,72422037972696
86,25479535826463
50,98105108122159
83,70115314351366
60,84003151941987
66,19899040545876
19,757158295098193
25,62994850892782
97,34704772320578
0
127,16006189625585
76,13325897400647
70,87967515763489
55,54592369100997
52,44598408808592
23,8682869323177
104,7563201812261
44,15789127788739
33,1901533491669
87,01479720188239
54,87847064673653
96,06923093016442
29,107656266311245
32,10345563364548
12,821477985878774
0
121,13345787082213
70,15450122190084
201,7028357824343
25,38393646626156
29,107656266311245
74,68610835621709
43,76565145264509
70,76920022202351
56,30773492505023
79,76878861454594
119,10009571883904
94,68919685345242
63,50182968497113
169,57062128416334
169,4564412066515
91,01526400205695
55,46707251116879
19,08205217853882
129,28462864478644
54,74968556952706
53,279121228945364
195,99770029810597
12,821477985878774
6,444641354205738
202,090092019421
55,830120973177586
61,541444271564174
46,660576259897596
54,0091883583525
27,98186047691259
42,242651518610245
98,07349866233515
59,6036989149364
78,54980474671426
102,2598424922884
91,65642159766556
108,5794797871149
80,09662227795685
93,44275750732939
104,7563201812261
58,09764574547998
14,885021559870346
129,52181230355492
154,925141815067
84,72422037972696
14,885021559870346
48,57946047874234
55,830120973177586
12,821477985878774
14,61137165282211
2,1850566441633483
21,473588936850604
15,684738967839678
6,444641354205738
20,942159227397394
63,52102139547222
12,821477985878774
14,514815466533422
47,78435851392612
0
28,067925704049376
23,319325348701092
32,4405951727678
8,380707040727234
167,2961660501808
46,089299951047934
25,656070721902886
66,19899040545876
92,0957144247961
21,481600627631206
71,14942023640054
60,861720331172414
36,32410032956178
36,610109711006075
57,55506242500278
29,107656266311245
64,81606787188586
80,75152509299947
68,32421117131597
80,28979849112773
47,78435851392612
181,697737586197
55,830120973177586
62,694095958978345
14,61137165282211
100,00932733216331
78,23282612715012
176,67500316191237
154,67924814079413
76,13325897400647
56,96735511664072
82,5705058428029
37,20581649109979
28,88756911332129
29,305276851084795
84,98936446519788
102,86657309310334
43,59773165628153
53,683715765901425
43,76565145264509
76,09244161785482
0
66,19899040545876
47,78435851392612
55,46707251116879
47,03983946265481
86,5253269525937
16,950379960648757
88,31573124743247
122,17025901075795
101,22761184056397
21,02808222317679
181,697737586197
12,608734501977974
60,166764127773135
8,402163049769277
12,821477985878774
19,8543143606594
68,69210542386325
38,274015423356275
49,863982788094255
46,343711874338624
6,463422915980938
50,781337727462734
94,49000474486212
80,75152509299947
97,68567883376046
179,87036826722763
181,697737586197
21,481600627631206
52,701405687482364
198,23828782442277
0
80,38724769378426
115,77130020315302
243,9166944225526
88,60273212048851
184,00940319034808
137,27839174114712
0
23,356530466868566
21,396825708030928
4,147710438281194
84,98936446519788
14,61137165282211
21,396825708030928
86,5253269525937
167,2961660501808
186,4589113509009
32,62325491779609
67,55973460935355
66,34140295936504
109,6917552778659
16,429648058250137
67,69806328482238
80,4550196746858
50,781337727462734
216,00279849434324
74,31249912697504
167,2961660501808
42,17921436052657
59,32362028913165
56,96735511664072
0
53,81862154944943
38,25588280843658
30,650509118574295
81,44385294402224
18,345440983177948
135,46887044935258
59,09935650525082
124,90670044439345
22,070423237923368
60,861720331172414
81,39609784164182
86,59438951551394
106,8088000668718
127,16006189625585
64,32863584392953
86,14381707560327
46,88269473110898
60,861720331172414
31,150024622248228
63,23860991456072
59,73089409519952
65,3451971185495
102,95803486248323
0
23,24099110749938
67,69806328482238
34,98819594812704
123,65488787963645
79,71132285828254
166,82889289069456
129,52181230355492
114,06074042193171
181,7934493865878
65,95972166698297
32,52182932063645
47,78435851392612
12,821477985878774
95,56410496665396
44,75653612506753
29,107656266311245
156,4935963842556
56,96735511664072
167,2961660501808
65,77169438436795
78,39912469803909
44,25125882330329
185,96266604143258
76,13325897400647
92,1491677040067
86,18564803973304
68,78313955285036
35,728507030055745
89,64741379916163
38,07603390482599
94,97380884021462
0
74,43224512526758
60,861720331172414
55,46707251116879
76,81886253763784
104,59201517173985
42,36980720118219
55,830120973177586
63,50182968497113
21,018748895282407
46,753895365419794
87,67536455875923
60,861720331172414
26,653686511656275
167,2961660501808
106,8088000668718
88,62243143245004
12,608734501977974
55,86004443254325
216,98794273487064
47,12302560668964
29,107656266311245
51,02927439788493
66,34140295936504
46,170018968123685
12,821477985878774
86,5253269525937
93,62876856340944
71,89068900461649
91,06508031240688
50,781337727462734
91,68399480452001
0
32,169143837872156
104,59201517173985
60,166764127773135
47,78435851392612
12,821477985878774
86,5253269525937
53,86933199618616
84,98936446519788
32,83279654868752
43,633316779369366
70,49090159919717
86,5253269525937
68,81613158364331
72,15268286936045
42,80244708745563
18,796475743604198
42,645594525290015
59,94501591369795
38,25588280843658
65,3451971185495
86,5253269525937
42,645594525290015
93,64795589850932
29,107656266311245
128,97529305910686
101,12981498692473
49,863982788094255
70,48639163242032
137,6036737963042
39,467544420687304
58,636865799171765
0
19,98751163778151
202,090092019421
225,62413008148587
81,21198018279406
176,50367277520834
257,278381722367
68,69210542386325
46,24783488250805
57,48997955575223
29,107656266311245
169,31916389484257
70,94561020592799
12,821477985878774
55,830120973177586
68,69210542386325
30,30016281652563
144,9963787928448
76,11171094726218
197,7812934262092
46,089299951047934
0
218,190986871556
164,95522919078496
82,2874875803953
131,63522228698338
115,9722907488488
86,47718855737182
143,6672149854493
122,10972274377295
60,861720331172414
93,66148918984052
0
58,09764574547998
54,034845829693346
159,8675357613293
8,576397121865055
46,089299951047934
94,9787199947252
67,69806328482238
65,3451971185495
49,40825161034375
166,82889289069456
94,28933592028628
204,63375573486553
29,19702151845742
38,148226872297045
68,69210542386325
80,38724769378426
32,10345563364548
132,43307704612243
55,86004443254325
84,72422037972696
64,87122877510572
89,64741379916163
69,05278012296438
38,25588280843658
43,59773165628153
150,1951317255792
60,610009946182316
80,14291889847216
63,82654758813534
91,37039777148475
114,17358009077542
14,885021559870346
39,57106494627797
45,35465927839379
14,354994547193929
47,78435851392612
25,33213996986258
84,98936446519788
19,313998804943914
66,19899040545876
43,59773165628153
45,64933592100706
68,65660994761224
115,20149483750495
8,798536231428889
19,77031190245815
0
16,66545754959256
135,79356018956298
42,48986708941853
65,3451971185495
128,97529305910686
15,324617870677617
80,04541897413614
95,82966684770969
55,24838715577308
56,324384252494674
60,861720331172414
63,50182968497113
40,6773803056098
33,1901533491669
18,013754250163178
12,821477985878774
148,7207881571387
16,405594607197767
31,150024622248228
43,59773165628153
161,29499037418555
101,9965760017268
61,151072178655966
59,05210977493934
132,0378927535513
46,26396159689447
26,524577476905026
72,17811750908847
55,830120973177586
63,67814787048651
45,87260114785876
88,28309798993786
22,070423237923368
75,8940309601692
16,66545754959256
41,550505264936376
24,748132935944756
139,39669070791933
60,514678381787206
94,93703479977063
86,60584165410472
102,63032488169279
82,12075902282507
83,3522837470048
74,65737154723116
0
196,09341209849677
81,44385294402224
83,99798865073123
21,27321622759824
106,23569140688736
102,79228929483752
202,090092019421
52,74974048103667
203,58400273019575
12,821477985878774
205,5876756859554
254,5564218489586
44,062139912849325
20,693507662069294
57,171726626892
71,67792644330405
47,78435851392612
43,420163212272534
110,58758983655181
104,59201517173985
88,25685511311991
21,396825708030928
0
29,244699825013445
129,29326906224412
29,107656266311245
128,97529305910686
70,48639163242032
139,72339128206326
36,610109711006075
101,12981498692473
220,73597870558896
51,53021150484985
214,68540245547666
12,821477985878774
104,7563201812261
139,99264224849577
137,73480239771192
166,82889289069456
29,107656266311245
125,84105621401123
42,242651518610245
252,7829090249768
55,46707251116879
21,168090933863507
62,81041478581838
76,09244161785482
64,90855922348393
86,5253269525937
95,39263920379119
0
87,48415579533915
6,322557812695454
43,76565145264509
97,59244865016845
52,77858749552857
61,90488787521202
75,25399745730893
35,063206462066226
46,089299951047934
56,96735511664072
43,59773165628153
81,21504952677655
84,98936446519788
18,748760202343227
29,107656266311245
16,405594607197767
108,55060425727785
41,55549229735346
38,891663944986774
60,166764127773135
67,69806328482238
47,78435851392612
81,31431367559398
29,107656266311245
55,830120973177586
4,259072463248045
0
23,356530466868566
30,228652165139472
42,15728177648599
32,52182932063645
56,96735511664072
47,78435851392612
0
12,463801765961577
68,28132091414301
44,87072496579425
36,65731678549577
24,01587052396107
71,41699674560292
12,482205979457374
4,259072463248045
80,38724769378426
84,60948710818727
67,69806328482238
154,25469067364776
60,514678381787206
68,78313955285036
130,79548359203812
21,481600627631206
54,61881488597989
0
16,922598634530114
163,92253869014246
32,94130361664949
44,912345741005026
21,396825708030928
68,69210542386325
57,61149423248305
38,26483432696693
167,2961660501808
31,15877055065863
0
86,67739346680257
76,78995994470475
21,481600627631206
14,61137165282211
38,97009245730023
80,38724769378426
29,107656266311245
66,34140295936504
39,834599694835184
8,402163049769277
37,96648724230638
73,40319621925605
10,744424641767274
160,87829133555059
49,1352349513006
21,396825708030928
54,234612633517486
49,11988568160193
56,96735511664072
84,98936446519788
116,71042642773958
83,53422521400819
55,830120973177586
97,10006745404976
93,96831790524847
12,821477985878774
78,3830581028804
29,107656266311245
82,5705058428029
135,2670377081845
75,25399745730893
31,720339903527236
8,627258277109508
67,7144379310848
43,59773165628153
53,867360577764664
179,96608006761844
18,345440983177948
64,09916198613014
61,541444271564174
77,67906136349887
177,42232240506385
20,744635315390244
105,21959562294278
16,815116969197707
148,7207881571387
47,78435851392612
16,67826510866015
100,89276429039735
49,94725094759592
84,72422037972696
195,97892362397684
59,08010420135825
54,84990821173551
66,34140295936504
242,40989970500888
254,1214132828522
91,70673415247316
222,57630883716652
115,33106068268216
27,16527577439289
164,49509443748812
107,88656001232414
29,976268157290846
28,07728559779107
27,103860958395327
81,44385294402224
91,59594696386813
34,894988838965446
42,285226246170566
82,5705058428029
65,88975734726904
75,29619607932023
104,7563201812261
87,67536455875923
50,9934523255698
53,64465011219161
84,72422037972696
28,973604702331166
84,98936446519788
67,7144379310848
80,38724769378426
27,01793249575955
73,76284054587751
25,374121296973236
67,69806328482238
87,79075784566044
12,54643486891699
27,000877070605362
167,2961660501808
47,56476629841298
47,78435851392612
12,821477985878774
0
0
17,029710680899107
47,78435851392612
12,821477985878774
109,79370109538216
76,29208024941707
69,94450658381537
0
25,271005257276375
8,798536231428889
36,13533227326219
52,25096739978724
39,421200084974984
167,2961660501808
26,40084101248738
70,49090159919717
12,821477985878774
60,166764127773135
42,645594525290015
20,78801994769388
179,87036826722763
76,41293007338226
46,646316719472864
29,107656266311245
33,80706087542831
10,397724160248524
0
51,09964702728872
84,98936446519788
29,3580854014798
49,392852046288255
66,19899040545876
79,76878861454594
29,107656266311245
12,482205979457374
131,372251269479
68,88153763779582
132,0378927535513
77,59791341446689
177,85750262530507
107,88656001232414
27,95307673304586
12,622012307986347
143,27525577101582
66,06775461682946
46,343711874338624
21,481600627631206
73,95690150929417
44,32561611671594
46,68131456143796
77,64315805031623
43,420163212272534
35,68931876931376
205,79807963404363
66,34140295936504
41,54684299257949
115,33106068268216
110,33724057636941
102,79228929483752
67,52995704883158
220,73597870558896
61,51320519052054
16,66545754959256
111,85277899799429
148,17984889863067
84,39933165306039
34,453639778294864
12,608734501977974
123,03849810537744
37,1790062575321
29,107656266311245
64,8414719912712
68,69210542386325
12,52979398560855
152,2975934991101
82,1371227203382
20,693507662069294
0
16,67826510866015
111,5360515928278
12,608734501977974
84,98936446519788
68,3154613824765
102,86657309310334
43,59773165628153
49,21867803107244
47,78435851392612
131,0921355681265
102,68134425015072
76,0818304351042
101,12981498692473
230,4657553012907
111,35561860947112
92,1491677040067
89,15720104750575
141,49478008287113
208,42562795000057
36,610109711006075
61,292982759018756
45,70268981844495
52,66629845691844
21,168090933863507
47,78435851392612
64,45296746703353
119,35482835734896
43,420163212272534
144,5285670578503
21,396825708030928
81,77824401935325
55,830120973177586
28,234080632344877
21,168090933863507
139,90026589261348
48,21009663366801
52,44598408808592
82,1702985280906
168,65626220966394
31,150024622248228
39,24090700407715
55,830120973177586
163,92253869014246
51,99280190680186
29,107656266311245
49,058759849423076
134,71161537465926
51,83372592285954
101,2949946037214
54,499527468893895
32,52585221005416
52,560985325237084
60,861720331172414
45,07381915741846
86,14381707560327
26,944770821845076
4,147710438281194
67,32146918794156
111,5360515928278
0
197,7429818335121
86,5253269525937
61,0687651741158
2,1850566441633483
86,25479535826463
46,26396159689447
104,59201517173985
56,709844512182734
12,821477985878774
104,57687717428897
114,0253128318659
43,76565145264509
60,861720331172414
52,6394943831988
48,74700891903656
25,271397798300942
171,48920491193658
28,134063240963073
34,34844510454533
14,61137165282211
31,150024622248228
63,50182968497113
6,444641354205738
112,38712381655986
103,46536227295918
48,50508191247866
68,69210542386325
104,59201517173985
6,444641354205738
132,0378927535513
48,5023626614726
80,60934637709738
12,821477985878774
31,150024622248228
104,75224270432841
19,42799269027418
59,32362028913165
31,07167431170697
29,107656266311245
102,79228929483752
21,481600627631206
4,147710438281194
29,305276851084795
86,5949652977633
31,83989644162859
12,821477985878774
78,6972153062959
139,7893541816644
81,21504952677655
60,861720331172414
12,482205979457374
83,53422521400819
65,3451971185495
70,37619746254825
29,107656266311245
74,96568041899009
6,444641354205738
25,725460458525163
63,50182968497113
25,057363019917776
86,79482546872302
36,610109711006075
26,653686511656275
0
64,09916198613014
23,98530537584278
55,830120973177586
24,179839823721046
46,88269473110898
29,107656266311245
54,234612633517486
19,755389609607647
19,8098134995233
60,861720331172414
48,5023626614726
68,53398983309711
204,53804393447467
101,2949946037214
78,3830581028804
154,25469067364776
128,97529305910686
137,6036737963042
87,79075784566044
100,40937163152532
104,80697481438042
137,48764247427886
104,7563201812261
67,69806328482238
215,204584525575
87,67536455875923
0
29,130296746465987
12,52979398560855
94,49000474486212
41,550505264936376
123,03849810537744
79,7628899120454
12,821477985878774
55,627223916266644
51,53021150484985
43,76565145264509
52,25096739978724
80,54214213063102
167,39187785057166
76,10719556292041
182,49791658318455
20,90254479815687
102,79228929483752
47,78435851392612
89,15720104750575
56,533130264453064
76,17192804445642
4,212072963569336
60,861720331172414
114,06074042193171
70,48639163242032
12,821477985878774
49,863982788094255
68,69210542386325
34,78467888335387
29,107656266311245
27,8544493374915
84,98936446519788
167,39187785057166
135,49939486262178
29,107656266311245
4,259072463248045
170,7407333371419
42,80244708745563
87,47589051117407
44,56310684975086
63,39919648609221
58,71261167637885
192,64527510418654
0
55,830120973177586
105,21959562294278
6,338343847456414
6,322557812695454
86,5253269525937
63,6380088998629
0
135,79356018956298
12,399554451120476
29,107656266311245
166,82889289069456
60,861720331172414
163,1223596931549
78,2618396802295
58,071784090859765
153,95230431203348
29,054867795219216
242,2460710933702
43,153784574795765
47,78435851392612
95,56410496665396
19,689350442696966
29,107656266311245
60,861720331172414
26,45225805367619
51,53021150484985
56,43336165936687
193,22387741699683
157,61754756930725
36,610109711006075
0
34,54991243732231
55,830120973177586
76,10719556292041
53,81862154944943
125,85392875878642
124,90670044439345
41,979527959313316
68,69210542386325
119,02529168656027
143,67007512286
0
75,8940309601692
89,40975088871852
45,60550433546256
29,107656266311245
29,141594056559317
75,25399745730893
44,15789127788739
89,64741379916163
38,76739299730431
92,12160414636166
12,821477985878774
14,885021559870346
21,519632336032075
49,392852046288255
70,87967515763489
8,798536231428889
60,166764127773135
42,645594525290015
123,60707009091816
135,79356018956298
29,107656266311245
80,6907577846959
62,48729256445532
38,25588280843658
35,050612794937955
84,77234936225358
24,966186919243242
47,78435851392612
181,697737586197
102,86657309310334
88,52076090038096
56,96735511664072
24,880761477206228
44,65679655216643
60,36197617752605
12,821477985878774
195,3306199254746
81,21504952677655
88,98329284297499
34,16945362287177
160,2450958852642
54,234608987909375
29,107656266311245
21,481600627631206
84,98936446519788
60,861720331172414
121,13345787082213
44,912345741005026
68,65678593374456
47,12302560668964
42,80244708745563
181,697737586197
30,256649269623185
0
108,55060425727785
21,481600627631206
97,59244865016845
12,821477985878774
158,91500269488975
60,166764127773135
79,60892544119832
55,30911514742801
52,25096739978724
44,737784158750046
57,19880724200967
47,78435851392612
86,5253269525937
125,62505844119278
35,3457091742838
82,12075902282507
115,33106068268216
155,83678127180016
47,03983946265481
139,99264224849577
132,90528730088542
55,46707251116879
42,292431078802586
0
179,87036826722763
8,627258277109508
135,83826827343992
29,107656266311245
141,49478008287113
26,715593569140395
67,69806328482238
86,5253269525937
12,821477985878774
36,21831491946808
78,13916129922589
103,67584134214695
84,00305354260281
181,697737586197
85,45052702862284
56,20893733580355
44,94665743211859
24,9765304927791
55,430284080309924
12,52979398560855
63,86923556093806
60,861720331172414
214,6642942364678
22,070423237923368
29,305276851084795
44,15789127788739
10,744424641767274
0
30,163968501046345
12,821477985878774
70,48639163242032
32,65121203421766
82,86336916566457
131,91217696074335
76,0818304351042
70,08265025406865
48,28563516805582
4,230793780868128
45,22245075679799
56,20893733580355
0
66,19899040545876
72,15268286936045
131,0921355681265
39,05925162329345
100,00932733216331
0
22,070423237923368
86,09092126459944
129,87641902912424
67,17563512549228
80,38724769378426
88,52076090038096
161,29499037418555
230,4657553012907
83,70115314351366
233,44923471398357
80,17368265665365
22,77148649773556
120,70357819007432
127,16006189625585
38,25588280843658
99,92232554298671
143,6672149854493
47,78435851392612
65,3451971185495
75,25399745730893
67,7144379310848
102,6687821578609
56,709844512182734
163,69686217249387
46,26396159689447
155,16904974814716
153,87917164938466
66,34140295936504
58,564274249697846
182,49791658318455
143,27525577101582
174,45665734168995
57,240856912606425
78,3830581028804
46,24783488250805
93,87297745018013
59,94501591369795
102,79228929483752
139,99264224849577
6,444641354205738
29,107656266311245
68,69210542386325
144,40868207843837
259,6938833048095
77,79765488630518
66,19899040545876
197,7812934262092
132,90528730088542
169,20528866080818
29,107656266311245
163,96729382055418
12,608734501977974
61,51320519052054
60,166764127773135
16,66545754959256
167,2961660501808
168,65626220966394
123,65488787963645
78,56891917081619
53,332242936150706
80,75152509299947
100,35956116883399
119,27602552082674
42,40210730494538
140,45643697636666
65,4378435642869
60,861720331172414
96,63686665879084
151,15836787269265
55,46707251116879
219,27364845355942
119,68533510944187
107,88656001232414
170,1791625549539
98,78727936928593
68,69210542386325
181,31705014171732
29,130296746465987
80,28979849112773
141,49478008287113
123,40750862780807
16,67826510866015
43,92079170844012
75,8940309601692
179,87036826722763
168,65626220966394
44,20270884928395
96,06923093016442
84,98936446519788
57,94868851764618
52,81492909771454
184,38650928577812
29,10973811886243
12,482205979457374
86,5253269525937
79,57546834192176
127,25526856900919
100,00932733216331
58,383956629760696
53,49738868861212
160,7819775062028
242,7761060568791
203,27688435002113
97,94354273744906
60,166764127773135
52,25096739978724
36,610109711006075
154,9576338968598
133,86245900956126
153,58433681221692
6,444641354205738
62,2947924514304
56,37105387908635
105,21959562294278
34,4184966229257
67,98589771389133
38,25588280843658
47,905799922933554
84,98936446519788
84,41785767063341
167,2961660501808
22,070423237923368
52,94596120114316
35,799296300439764
42,80244708745563
56,19093888728822
60,166764127773135
101,2949946037214
27,592791840513076
115,20149483750495
68,97513665076684
29,107656266311245
42,44489105759944
170,29632316717726
76,10719556292041
44,56310684975086
128,97529305910686
89,64741379916163
55,74491824015512
202,090092019421
63,27706941955689
143,6672149854493
82,07757324830507
0
69,92994733548572
47,44686528436541
104,31258338631079
102,13901821767968
152,2975934991101
154,9576338968598
80,38724769378426
66,96279366357967
83,11614045060765
55,830120973177586
187,61653694281486
60,661055930096985
59,248389623676296
65,83401876315602
102,79228929483752
226,62381441614735
192,2207041709946
47,78435851392612
0
257,278381722367
46,41047047281886
71,23220991784207
60,33190054272704
19,144408299762006
141,0407521960011
19,757158295098193
35,079335402518836
53,96800921879578
68,78313955285036
87,47309070999957
10,279596860821025
72,6779218090897
53,84984608762373
29,793067014711717
72,71128166703012
48,57946047874234
98,45794848689621
147,03951987558804
53,50015449463747
107,32112359903331
78,3142266499505
169,57062128416334
91,73268216253818
116,71042642773958
51,59061109921344
12,399554451120476
39,05925162329345
51,93900813059528
71,14195932169389
61,104464960250716
95,62104643235291
12,821477985878774
86,5253269525937
76,64546960942499
79,43548283382246
138,3576395656554
12,482205979457374
84,98936446519788
167,2961660501808
56,43336165936687
74,08870765226129
29,107656266311245
217,19861236883273
89,64741379916163
65,28779213040335
70,87967515763489
88,31573124743247
76,13325897400647
123,03849810537744
65,3451971185495
34,016700970938444
66,94077140002088
84,77234936225358
29,107656266311245
97,10006745404976
55,830120973177586
39,555882240730824
2,0760950966171015
66,19899040545876
21,120367756932673
47,78435851392612
43,76565145264509
0
59,77733308547026
29,107656266311245
79,7628899120454
96,06923093016442
75,8940309601692
110,95564345804186
56,20893733580355
106,8088000668718
68,69210542386325
167,40324343329542
16,66545754959256
16,66545754959256
80,6907577846959
65,89961156944588
0
55,830120973177586
27,885324201380516
0
0
12,482205979457374
32,305055982427824
36,13533227326219
167,2961660501808
32,2218096661641
49,07541644147645
0
123,03849810537744
66,27044452199013
0
81,44385294402224
89,15720104750575
76,78995994470475
88,60273212048851
0
53,49738868861212
98,5091870244438
113,2097132233576
67,68946327229717
44,42604268825147
44,912345741005026
81,26957179725282
125,77623533896102
8,798536231428889
46,646316719472864
30,206881848565047
139,72339128206326
21,396825708030928
42,29686073446528
24,866842996250593
179,87036826722763
47,78435851392612
21,396825708030928
68,15133653267573
60,166764127773135
19,923840597124553
112,26938482834773
80,38724769378426
68,69210542386325
129,44664317247435
29,107656266311245
124,41813139024478
83,87477630961925
84,98936446519788
195,99770029810597
191,1272396001207
29,107656266311245
97,10006745404976
179,87036826722763
47,79388103589951
25,954352955740053
150,1951317255792
47,96601377183009
43,20635936615124
80,28979849112773
47,78435851392612
204,4137405178238
27,01793249575955
28,875518265174325
0
64,91141085331594
20,98296035639895
153,95230431203348
221,04034634977072
215,09025392237442
78,25387251824898
89,40975088871852
182,49791658318455
49,20729980500856
87,01479720188239
100,00932733216331
47,78435851392612
29,107656266311245
67,7144379310848
58,709364437210674
83,21854428978821
39,700689705579336
88,60273212048851
64,09916198613014
66,87695243336069
80,34509159568687
40,72991181092483
250,2961603631173
52,587053514524385
55,72669833620239
136,0604104076368
254,1214132828522
239,3881968407701
48,18227920686868
8,627258277109508
123,03849810537744
14,230113236196704
6,444641354205738
42,36601636004373
46,32789743851513
109,01520261995142
0
23,356530466868566
32,75087526385292
80,24056511143033
