55,46707251116879
9,256448872572737
63,6380088998629
37,038934940154434
15,847537167250977
181,04451666963047
43,420163212272534
6,322557812695454
95,85710237952686
87,59834496945959
71,63189573479981
46,265406524996564
47,78435851392612
82,50939566879221
170,7407333371419
101,2949946037214
93,9292153986375
47,78435851392612
45,94606106406374
0
60,71819364889622
113,35364030375895
57,473394217053325
84,72422037972696
71,8079435497961
91,39364636643494
56,43336165936687
161,1625385639188
155,853396543197
43,633316779369366
8,402163049769277
284,3357810626086
86,5471279771561
15,70954605503506
71,63189573479981
177,42232240506385
76,84069391604638
41,85241410538525
31,150024622248228
174,13713820542054
99,61241568669779
283,1934659814722
154,81214192866238
68,69210542386325
203,2282759683806
208,23828087799097
178,11982410845224
129,4736100368911
239,97948492685236
233,53903670809416
219,7940858919605
256,44904772545823
147,4343014852976
141,3470409470091
166,68668659334656
183,16148053553488
277,9379210919548
277,51840242478255
417,5851316276374
402,67220094043864
172,4036109930408
23,356530466868566
274,131062202309
217,79494328893787
96,80893377215263
126,7677051231608
249,3149080526848
44,43408400574444
115,05922683944779
81,17173110860732
82,63301122271018
116,76658735401608
240,15560012099593
269,7094683618539
120,06732614244439
331,58437021684654
30,151669847796285
207,70109772486882
88,31573124743247
81,09068312938825
102,70071439723462
154,2765220520563
68,69210542386325
83,93879665616205
70,08265025406865
123,65659844705732
101,6663786893848
119,41817769344462
82,50939566879221
129,11522957701015
211,9790088206381
263,83823479823405
94,34795752511808
188,6901623125535
29,657337974648875
60,861720331172414
114,71341692150416
85,2823618780708
27,54256158150223
109,00185217160818
119,41817769344462
142,51013885624243
159,4391740907659
56,23076871421208
100,00932733216331
86,5471279771561
27,28534972279493
42,16970719420547
83,78171996080383
191,21988533873503
85,2823618780708
147,98195790859793
82,20290896095018
211,93775269294122
246,01451008263933
78,91647295173104
76,77280948099221
82,50939566879221
108,06306072585672
2,5106855999218367
24,80401567551038
56,41039861223736
80,28979849112773
97,68567883376046
34,44369428729159
101,92337668493383
29,305276851084795
141,99066394278358
48,5023626614726
56,19093888728822
95,85710237952686
62,46469203312898
108,70070343687527
180,81420469866123
95,41070714349867
77,72187869770431
24,023808564205865
14,514815466533422
84,11303575913323
78,39912469803909
85,2823618780708
45,88472849877618
141,99066394278358
38,51750422298022
52,183922452256816
105,21959562294278
39,30199261509576
122,37373116141009
74,23263678429474
154,2765220520563
40,76387461795342
102,68134425015072
177,26094655175072
48,58905502339941
132,57561955620892
71,63189573479981
20,646710819126866
167,49440046079428
78,39912469803909
72,17640250582971
82,50939566879221
46,646316719472864
69,00733663974076
35,95764068606925
64,09916198613014
36,8016238239781
116,00523064318746
77,72187869770431
29,107656266311245
85,2823618780708
145,4036109930408
46,26396159689447
50,436701595490696
31,60605352432066
78,3830581028804
56,19093888728822
76,09244161785482
153,64861651206317
26,653686511656275
14,61137165282211
105,21959562294278
80,92459530656863
48,58905502339941
106,7559296727711
142,00488195715073
95,3537046291104
66,17358789952019
85,89123990819138
46,265406524996564
112,13800739045732
161,1625385639188
101,12981498692473
103,55291610952013
50,781337727462734
56,21004505689847
66,01257399241264
83,09045834149889
91,88858473591496
120,600872991289
23,356530466868566
137,5562287315274
41,44495552824618
41,51445121230392
149,4127587329994
180,81420469866123
39,555882240730824
132,25891118942164
56,23076871421208
47,78435851392612
0
47,12302560668964
168,65626220966394
277,9659664198427
19,519963894128225
94,34795752511808
130,45877704718927
27,01793249575955
8,402163049769277
10,57134099678478
70,08265025406865
134,7026954634287
111,55183250717617
40,15211491553444
64,77598821508477
87,76426483350271
246,0758915138292
27,24778912382432
38,136195360476236
155,86919367980354
14,514815466533422
193,74199626450184
25,17476667472832
48,5023626614726
29,107656266311245
48,58905502339941
89,75802868039403
59,518916490284525
14,65401754979365
145,57895707904797
34,242281526549455
182,10577211361635
128,97529305910686
46,343711874338624
167,31799742858934
31,150024622248228
82,50939566879221
12,482205979457374
67,69806328482238
85,2823618780708
149,70033563030952
132,0378927535513
116,02333452615373
82,01432495958534
18,739207516206836
181,04451666963047
45,42296719486768
71,05574753186524
81,51107888220793
56,23076871421208
60,71819364889622
109,00185217160818
77,72187869770431
31,057288725871658
56,12165845309218
181,7934493865878
154,22418262748155
145,4036109930408
67,69806328482238
30,10464071866096
171,409801230326
178,72377311546765
105,04442365942482
79,70161001016425
57,26985088854203
67,94553627770544
12,399554451120476
55,558702534614625
12,482205979457374
80,28979849112773
77,55515581941427
86,5471279771561
67,94553627770544
73,47157235325156
21,481600627631206
4,259072463248045
29,305276851084795
48,58905502339941
63,6380088998629
109,1097913933383
59,53737104934361
45,671958643724736
195,99770029810597
30,151669847796285
12,482205979457374
86,5471279771561
23,03497245183078
77,72187869770431
29,657337974648875
154,81214192866238
109,62863224848748
13,34905907247453
93,06822070581387
46,660576259897596
26,93229977614952
16,831050604607437
177,4933660976939
41,44495552824618
47,78435851392612
119,96946686685803
104,75043284082331
217,17694689674607
128,97529305910686
250,16769531556585
16,96886252523113
67,15854881046444
26,653686511656275
80,1991627605514
47,78435851392612
163,64897698975747
52,46704483617948
39,55683108548166
43,87702027915353
58,16976417515494
62,61024251622898
84,32274736070713
80,74686649822988
208,23828087799097
77,72187869770431
12,482205979457374
146,98052572385885
29,10973811886243
4,259072463248045
87,96165083543472
8,402163049769277
82,01432495958534
16,405594607197767
17,418675252142158
61,541444271564174
69,9293200749817
100,00932733216331
156,3609931795343
74,1315536668834
95,85710237952686
83,3231083670832
173,97091935241116
41,018398043604215
168,00304129309743
160,30858960646682
4,259072463248045
42,645594525290015
38,90546760035653
68,69210542386325
61,51859181724284
16,66545754959256
24,179839823721046
30,151669847796285
35,99805936975286
120,36381831277599
45,94606106406374
61,47484436001164
80,28979849112773
29,305276851084795
70,08265025406865
88,33741609941845
25,192784841650386
32,93608566315941
75,25383073007808
88,52076090038096
84,61759047976236
57,94868851764618
134,3802586487462
35,385910247760414
170,23946419720517
67,69806328482238
4,259072463248045
88,70993590649323
42,645594525290015
129,49673926528985
148,42921470446984
102,14206221525782
70,08265025406865
109,62863224848748
36,610109711006075
47,71092321662323
182,9849148087516
8,402163049769277
151,91865063279548
6,322557812695454
132,94325517657427
38,073943728389516
64,56948931653
76,10719556292041
110,78780157247252
88,31573124743247
141,99066394278358
26,368819540332947
59,05210977493934
35,183879163463835
14,61137165282211
55,46707251116879
48,68422695759574
44,230086687510315
67,41994090284653
134,3802586487462
58,27135114411256
160,12810496041337
61,167250885123096
43,26569442540065
29,107656266311245
156,38462211475837
36,13533227326219
59,08469157424082
45,852945876704254
27,592791840513076
82,01432495958534
74,92014096482478
213,46058954866857
104,75552442154057
193,40953740704404
4,266829137481912
73,03911138552225
14,667277555803135
29,444283264479388
47,78435851392612
79,18164727379893
94,19120057889131
21,478041226642926
85,89123990819138
23,144917720648156
47,78435851392612
85,2823618780708
122,71894829213666
102,3095172622752
96,03242002817034
221,44566801493318
64,33200938813847
100,00932733216331
116,73225780614811
194,1842304317849
12,482205979457374
80,38724769378426
82,01432495958534
82,0053310998846
102,79228929483752
160,12810496041337
79,51774703989875
145,57895707904797
148,74261953554725
33,72750105778829
47,78435851392612
87,76426483350271
85,2823618780708
82,2717327583491
282,20832174094477
116,00523064318746
145,4036109930408
192,6890003961771
109,1097913933383
25,484729011135446
162,58142043464684
18,9194324898886
21,481600627631206
48,65269538864712
177,26094655175072
47,57077956708819
70,9216157132573
167,31799742858934
68,69210542386325
85,2823618780708
101,11188163413533
68,69210542386325
82,06848579708567
181,697737586197
78,47129902487204
46,343711874338624
109,1097913933383
88,31573124743247
23,94698494833554
10,744424641767274
84,04821183766884
153,47174190151296
54,581590399799104
195,99770029810597
176,51500951047782
60,83480346573397
26,941941534727242
112,09480253529819
46,108279531993595
158,9368340732983
95,85710237952686
204,12430117018252
333,16886932443384
68,69210542386325
210,65564526270362
65,3451971185495
194,08035248184447
196,6020567271055
74,1315536668834
88,31573124743247
176,70098197502833
200,52494492589338
183,82513214953119
72,11131809619019
168,91740036759683
31,93677871779619
17,318845638871743
141,99066394278358
272,09440072729336
130,06424034066276
104,66598171035218
242,36516257198718
319,7320889464182
191,89826610080078
355,1917710165435
269,33910922025086
326,6592576945825
162,94287521860798
375,5457103788359
388,11616455240016
106,23843559176927
374,45725837469837
120,4764697139807
219,47674085048064
120,25650715739053
207,42298065694195
117,89919605361084
347,10970067982686
174,59125232935594
330,26072171844373
243,95009847260752
251,02592531156998
283,09660707631326
278,2837456973189
302,0649088542904
295,1454313136811
201,4036109930408
295,93167254800653
90,39682570803093
251,03605549699017
432,2652753487116
436,98498019110707
334,13172014299744
276,3359610394234
153,7620354022121
187,59285854131787
381,42408953479946
262,95487243762267
328,7407080371646
249,38345281228288
387,69438616363954
360,6217048193814
377,819949063843
365,2428426687844
470,640724691505
467,5919565533401
363,421841345094
404,50914478727213
406,2737523228767
453,19867925850633
284,6839516877933
377,88852957543224
441,21595910796015
304,40475058440563
447,6812707701737
272,68203500163634
486,04546315236644
406,71926320981015
287,7635978371702
520,3651625719872
528,6882231933361
356,6144082416971
386,7497681106437
387,9610946786089
416,26969536599665
253,4101533105868
368,57286443810136
332,409801230326
390,60663106060827
139,47810670813823
114,0
359,11459547101833
376,41566987408396
156,61910440851506
291,2696773917651
226,41813635334142
450,3710076081461
533,0770729721105
398,90835902903586
399,78648858879603
229,97012478052898
410,80433283335617
423,5363498118582
429,2074510096771
463,0572374958678
347,23922160510074
308,8363660436338
495,7310514102052
343,96148997277135
249,44667073237767
371,8898687639544
412,5306369232532
334,96292192064175
489,2739628157773
432,16337283130576
595,707099789312
539,5863368042149
461,76974462639487
505,46226771144006
381,4938339979992
472,96264940909003
406,02059872770496
273,7843585139261
481,8753381164618
243,24419953830045
352,72193688934817
426,14690761911
363,7632354475046
580,5834011975785
495,3630514642645
332,695137005419
389,49336609769387
437,2271588789707
378,3834528122829
649,1127579184633
433,32663502054396
371,10765626631127
452,78742398882923
571,9718177614644
636,5838852947427
665,4895161666723
548,5147110153421
494,97977593375794
502,3134595243362
522,2985035094262
358,3838986296381
351,3327495966461
407,09988350352955
594,4926145295233
364,2196589414929
427,22827596838056
459,00263485498533
530,5836690370006
485,6966765670448
665,6377412188117
423,35128562785184
695,8872098712835
452,75178484697983
421,73614815386463
399,80339039820103
759,2987765527512
566,5344659392657
526,0562093904387
598,9775412028375
591,9139415569018
709,5751856866248
567,6795635712265
637,3111726246814
712,6609060090559
442,3271170266978
446,89154428799577
395,1067267835364
465,761901316241
462,4876987366258
442,00453866544325
457,08564366596266
378,27211682885365
403,33874833641596
320,09072597932834
549,9746229751554
263,6083523029625
415,2133338014377
384,38025864874623
489,02059872770496
453,3743010419174
332,913111470113
329,73131142985034
273,14291889847215
403,4355718962323
509,96344235915916
304,10076495228253
300,9458967743245
577,7048578716079
406,4036109930408
568,5432025725102
365,33469750899854
517,1769468967461
588,5714810447423
514,3209253031359
378,3951034233845
471,0585765433033
487,4442635576188
235,62863224848746
210,0616318651369
365,48519020166464
332,8994995485588
380,7631012974339
354,9987406451906
528,8431813529173
247,14291889847215
171,6985222013733
267,5324769556314
238,37700968548063
417,775823334233
428,9377526929412
481,3924147294636
455,5951206679968
433,10496075615526
414,6567537597957
264,09244161785483
368,61745424908474
540,9766124293046
514,019347153255
605,1585045376708
391,0675329045175
449,8977365493373
387,6815276922708
274,1980816765389
537,0800235534709
559,0110948222834
444,0868595540528
222,4799573976341
270,4397692960049
590,9823205828661
292,69313727223357
388,79886324767125
357,9947505056554
523,5391013302376
353,50727004169556
471,5330583361871
514,1036808888048
527,4949382948103
504,79325231987514
577,224198428666
336,2841667850051
478,1025593376583
474,99449918806306
498,49557215583854
452,84179493921846
574,2519719958086
515,0562093904387
467,4103242114531
511,31799742858936
494,83047056691487
364,01072753610794
444,807489094078
595,0509008842796
556,9722280364465
462,3006981784959
552,5254231765825
548,9672708240636
495,1779708973669
327,6762100069299
488,6567537597957
511,16787327584086
525,9207116415389
348,6479208728821
497,41482349399126
481,490151891388
335,8079094379832
429,4352997178449
742,7434445279195
604,6553446606254
404,52669358669715
390,17708312290677
398,37671874824946
546,1556001209959
485,69773758619704
525,4042801685562
509,1019347006361
487,63484720881036
494,3414212079013
485,59661325396013
592,897641785296
485,4291504802384
640,9612071746905
562,8063721532433
374,94903975655706
650,3597441460934
529,0628294159646
427,59712380687574
350,0690728587081
445,108237693358
565,7860252849541
510,6220088323371
481,782243356012
630,0994836732652
391,7134169215042
602,6135169641734
685,240017624099
583,2992632644102
465,2874018733769
312,4434574422205
507,3543775511424
419,4441171888118
462,51541467249433
359,2823618780708
565,0672078442985
466,6077381545179
543,1159586996929
479,21919625229395
258,9627618802857
664,6377412188117
295,3490590724745
499,6390005628931
554,1888865242249
429,139761067555
391,4563087595873
318,6089254411983
398,8492036822087
610,2016741825933
407,604619735912
500,4633750608687
536,1880570791182
663,2053105988568
572,6365705305356
352,00185217160816
453,1842304317849
284,64467076815
495,3227923712757
400,0002899613388
706,0552141560347
513,0845171931264
437,06291401330645
550,1469076191099
455,7555246451899
391,4181776934446
344,421841345094
376,01010645467176
509,77062566890095
498,7918054528394
399,8329931434653
500,03441613729615
426,1625385639188
426,4587770471893
514,5147110153421
548,5365203958022
527,1477841630867
370,5330583361871
501,0649088542904
434,08564366596266
417,7003955983562
288,6548541739932
339,69491247559284
559,2437073912412
597,207507577087
349,12098489169296
511,94772270680386
381,5417688356703
330,4480008301405
321,2823618780708
462,98074083441145
382,7966593032344
319,94113116452047
299,1467999944614
331,6815276922708
293,90372965411643
284,40717352992743
376,2447944717318
313,72590361283346
321,40750511502483
474,6446981837437
246,15491366692248
416,1585045376708
211,34371311547625
335,83534618893066
385,21438498365194
98,3830581028804
171,45181529188568
239,2528513194526
338,37431084649734
399,6523079192156
362,761087697176
168,14313318638062
57,186781611053966
63,12034932792651
145,57895707904797
85,61812148173624
40,76387461795342
286,33677071993696
114,5737170048981
218,87405554667728
120,01010645467174
290,2587229103301
36,32410032956178
112,20984053508677
38,14417077585467
73,95690150929417
203,2282759683806
195,6761470216041
345,15401356496125
236,84090994314445
99,93504412246841
225,03767347328744
123,94587281787328
221,20738883103962
150,99991479056857
219,28257879203488
85,2823618780708
28,829464962603556
58,71261167637885
214,2853535595234
99,70993590649323
232,00485732101274
143,2670377081845
351,5695603442538
195,55359635740717
251,58701716504677
110,78435851392612
256,1556001209959
165,28154269645796
149,86859672602782
238,03441613729615
192,83247016198482
289,1977884113261
272,3630514642645
193,58791749870485
393,2593146920298
184,74136658232462
208,1476569460669
148,6318957347998
384,0601813282569
326,6007175526038
303,32190187921265
291,30943073452585
295,65954898060306
318,31156038420323
261,42938910725616
280,983605609679
156,35562727844382
334,61328343871816
333,2959903965698
90,10765626631124
372,5622919298141
335,14690761911
260,1241289548058
340,66360249374
481,1812221319722
387,1129327211754
479,64892944763636
371,368753383152
404,764122145089
481,7801211887152
486,0395222194766
390,27246868591965
527,8507961912372
330,9463212502334
610,7365713352891
333,53671657141746
505,2990690051266
456,68458482666733
355,2897984911277
471,150464943796
528,4857955534908
611,6432655871064
613,0381676718735
527,6334566298527
399,9402710546119
639,8052684050308
355,4181776934446
372,9280491020651
514,20010127828
476,08800002556075
520,9785414182995
533,5440277533876
490,61219230885183
638,2092579640312
474,11766830118404
455,39105355025936
669,6299168726287
419,22508897891953
321,77280948099224
473,02211915850455
362,3556272784438
423,64396934025126
514,0833258384491
418,890820684614
447,54499042297425
644,3260737011487
520,7485098582426
454,35928841729464
512,4093163895805
650,211191454031
414,5348669883575
336,9673551166407
588,1977884113261
413,38596019891884
608,3316033252138
633,1568596289276
300,51439738396726
472,6097635577678
401,8146327591094
544,1058781206231
486,6985849227352
286,09419559040646
269,7965925855784
303,8617203311724
538,3750400618803
418,1088800267988
327,7026954634287
229,97900312483316
548,678734596808
447,368753383152
554,2452886030442
576,9365332424445
388,6932330294634
415,13846724117576
367,1070470137237
425,9323650501501
450,8670778539324
508,23036190075794
507,3651625719872
541,4989782446426
482,2077054476433
544,7112777162854
524,4081580874619
447,69128053699046
614,4194481655957
426,4931615669253
679,3816179439152
426,4784172670122
726,3710076081461
499,10134963882956
476,6318957347998
579,604619735912
532,2246989076916
762,0223830440344
629,5472703512371
747,2745012197227
636,3888235632237
461,77897763142596
691,889953096369
557,0029446684338
732,6051656356918
489,16564845401183
734,4906746096983
645,712389160662
609,6446222783167
609,8810561267624
577,0344161372961
547,6118743119018
651,6699107100021
343,76209900650844
618,6132834387181
487,15075868092845
540,207451009677
495,5101388562424
609,3393653552009
532,0369327068012
546,0063340181466
505,1668264048922
421,69210542386327
433,28978353262164
639,2837456973189
537,4362815764109
711,3763104254474
658,3157400190023
572,5282427392087
538,4624070431444
480,1909388872882
728,8689066125249
509,63174574137565
717,5773045433133
445,7218786977043
626,1556001209959
345,93747658262083
406,6401730927774
542,8839759803253
433,7153988470818
703,5696654476183
561,4539065770992
659,3722382285297
552,0686391990407
556,2452886030442
470,9850886278033
408,35019459249145
446,21919625229395
286,77782219870704
439,2948908139477
382,22398055789927
442,8848086275679
490,3331776822415
720,2855233650821
537,6932344670058
452,09417687956073
428,50711988305557
615,5126330677865
471,5143208135137
556,8845808968068
727,5189792030399
692,104017169572
519,6872212862579
681,2308948451523
474,2606590806035
728,8353461889307
502,3991246980391
597,9472340172781
635,7480424499954
482,2565071573905
590,2948908139476
602,0066197847339
612,4124312005663
597,3924147294636
407,62863224848746
573,772043616403
294,92813968486087
331,2307687142121
484,08679016760516
479,75178484697983
645,327762579946
549,1135596165635
478,601103519145
443,01010645467176
512,3179974285894
459,2266319776455
713,1023224897679
599,7559969801641
583,2766556550889
703,1585045376708
542,6628544344023
524,7418927397509
496,136643128574
366,68313417778063
371,30812591677915
462,6178830543655
588,1760501714293
460,00580559157504
554,9088267834278
579,3854760654798
560,6120867453853
322,3734520432931
436,55243847863557
390,7237731154677
389,55750422392543
492,12319306843403
468,8931876082413
334,8391289482464
474,87405554667725
296,6101097110061
497,54255281290375
409,7665873540161
589,3860841749972
421,7009819750283
461,4215611301668
453,52960281069426
593,3316033252138
556,5031123050063
455,6020567271055
415,22989500334313
647,5773045433133
453,09988350352955
409,84796273262873
456,0875124205754
344,3322685040667
306,4657020305716
540,8125199943838
466,1247612625316
482,63345662985273
393,6704310088073
410,5627238752989
379,0967315919304
353,9989289465919
543,9964610931311
574,7889084368311
310,4366680296929
226,09958609692114
473,9154168046537
375,23036190075794
375,61328343871816
201,8300233308517
293,5955045049021
443,75939907783356
516,4926145295233
343,1872121061758
440,6190341420376
361,7837986981315
495,8079593665639
283,79792836192956
428,9785941321208
397,21983065498875
197,38574549995187
451,2016741825933
299,94113116452047
348,8110600714976
282,51942900879226
312,3880097193669
511,01723885468346
313,5073687281094
422,0536019476741
574,3627921278735
575,7709872102287
569,7537999033641
358,40895739527616
275,0147972018824
324,2675881271929
447,2077939513989
290,5672131570875
412,5344659392657
422,48837727851924
417,15075868092845
321,8729299451012
301,64559452529
500,76681639913113
388,95560150887457
624,9180231279344
316,6270526165839
507,44904772545823
479,7934493865878
460,39016238898864
525,7918054528394
464,9125028128518
559,5496183774901
558,5126330677865
625,7342144740243
580,4017320572118
612,7772294794784
581,6986413998612
480,20051897527424
646,6204131466526
601,2858989349813
559,9172464293193
506,5242214571695
530,0562093904387
631,0737936378254
660,3628630706871
556,1880570791182
525,5409472312355
392,5375910826609
451,38654778306835
580,8247169185765
455,9539224452079
545,238280877991
405,4086698649685
691,9670815598513
505,5093956687922
474,2935088224342
671,0057719761405
548,5677784675418
567,9849148087516
561,9093993467178
449,3612314635511
577,1986792585063
483,61228310618424
690,2041490987604
548,6066978786416
429,9403585840852
458,20312762244566
741,6187561959177
451,8845076447308
496,1450145849566
561,6815276922707
420,6708768900204
392,55865587943606
543,7867114494214
719,7552514441259
517,4778357891546
551,6954865703977
559,7197154420999
432,35928841729464
408,18340208676443
577,9799334721563
568,2939646851264
363,6309334116712
654,7048578716079
659,3816179439152
650,8228655004955
472,57371700489807
515,0415178627711
685,1079220784729
592,1960374396206
552,8908541721746
619,2016741825933
504,1224080297992
525,8679991957719
403,7134169215042
646,6489294476364
610,7537999033641
535,1699982725617
452,00185217160816
438,0378927535513
555,3250760191869
726,8043328333562
727,270721021519
667,9265644641166
683,207451009677
572,7429354176045
838,1423713583938
647,0537532933112
665,1676953155659
389,44751656285916
658,9058577734006
517,9605026386339
470,5330583361871
436,7040369390153
458,8625352147092
559,1993460032147
495,04603852590594
455,150464943796
456,6401730927774
647,974383817475
622,5817496752018
545,2949578411414
762,6663368439126
653,5404540582209
609,7985778656616
588,8555017106742
717,3335646853473
690,679447910541
541,7677051231608
724,9941886670517
601,219658941493
676,4407971390875
600,8437405170789
689,0664176568465
717,436629541034
568,9162723852196
636,0036028806452
509,0750788189588
485,57694889891343
724,6240276229574
597,660707237168
417,1553713829894
452,0926005467529
636,6896548443572
748,8850943395464
365,3227473607071
485,04164312409785
340,38025864874623
329,7304554938425
507,6181141566444
526,9082214316016
503,9524877923587
437,85851443308803
468,9150289088352
418,76850199942
542,1191958783497
408,5101388562424
396,78089873047486
323,40726838015206
539,4253203726705
536,3626574451109
432,16631670343565
434,6336922816596
342,80102848826175
508,46477982623657
600,203350835493
524,7934493865878
340,55790813437324
349,72829596851983
647,8043328333562
494,4736100368911
598,4506994748771
556,5095541237768
590,2621920032389
610,4490477254583
357,3052768510848
508,85929519115086
498,6941312632076
423,46896095978883
619,4886291259659
349,44385294402224
633,5834011975785
509,1872121061758
445,2565071573905
569,6434355337531
533,6049440864991
512,9785941321209
405,91090033809587
360,8195109878447
374,35364030375894
590,2906238821731
495,490151891388
490,3235445398251
503,04975395425936
527,2978807753457
524,779416775635
527,613405642287
659,1279790757729
452,3834528122829
477,78089873047486
524,3888235632237
284,08327184225936
229,3730854751682
170,78025006212627
293,853396543197
352,238280877991
364,87405554667725
499,80433283335617
293,54536950905293
490,9777220269987
489,476834411844
469,1594798046121
286,3216289181761
495,3403992267737
269,26570330584116
328,2447944717318
459,28494290301603
393,00726834485386
369,1902754158489
442,0262064509038
446,02139910889167
408,0992739433698
354,76051239605385
486,5031123050063
466,26950666240725
445,29365346909555
365,2073888310396
352,9981299261533
393,5258987892538
440,7543304431284
487,2709020079852
568,0242878699981
466,55531466136847
383,71993937249556
548,5831266446287
345,7767653630331
489,5638408848272
535,3908771258511
481,8696844102883
469,7328025940219
540,6882231933361
523,9265644641166
558,1618754589599
433,6642254592765
638,240017624099
381,39756009224936
599,3514168643146
634,7552514441259
473,7480142158007
335,93815011599514
260,08605473275213
520,0364390973182
489,89317020468275
293,2949946037214
445,4761500242029
375,8135177924597
293,58220596063467
272,6340219257332
274,9121919748957
247,00002175437018
315,6733863436494
578,9219665420406
338,04280710982414
323,6328006450176
269,3857454999519
470,04975395425936
298,10765626631127
481,2675740832707
386,5560595509937
286,0052306431875
345,8977365493373
217,74611905884282
316,75498497294905
277,7793905370336
168,7623447732343
274,9568865231274
308,4782589806215
156,13514062645797
402,45390657709925
205,29850748911264
247,3903904743865
383,9912308213832
166,46896095978883
287,30294920204005
398,0585765433033
195,23541654253344
177,27292464331407
160,62867063526397
261,7128951314909
341,90822143160165
472,99370883130126
391,51263306778645
345,0868595540528
388,0036028806452
221,47157235325156
325,53769428212144
341,11019456212773
301,93895535457773
144,85171406033112
48,39682570803093
148,5746644332736
194,9546714649719
413,95949850446743
162,46726922168048
229,53446593926571
115,51687998922036
311,61881289721475
350,2837456973189
223,13691958058536
459,26072171844373
198,32665484512728
451,36967461616814
327,1763932447209
356,16837285796163
442,01723885468346
373,48519020166464
512,5834011975785
289,2061650487706
456,0310141221142
307,6918301941041
475,33387320677537
364,51471101534213
307,80065955436487
371,03793823572255
314,49557215583854
437,75622543217173
278,09814982659975
485,9958333385748
471,8411783757762
620,7310514102053
273,4442832644794
443,24570879540533
599,6896548443572
337,0493179200177
476,0269542657468
407,42214067839166
240,40533026986594
419,203350835493
235,33370658802195
506,7848593255754
285,2949946037214
314,1117233889708
487,6985849227352
395,815321942262
274,09419559040646
277,6813436824417
389,5231789623256
431,65932185123535
570,9670815598513
556,5532239018382
383,9228687111973
312,2949946037214
346,9906639427836
324,16017951751996
512,1640708404204
340,5173046582706
381,92960107191124
433,66160005550887
368,16947092460026
529,1283680329303
491,2491769740499
495,8952299318403
379,2750959066276
314,64101836182374
484,01451008263933
397,98491480875157
488,2948908139477
409,61881289721475
397,6656856671776
377,375014889179
277,5627238752989
445,78529884248917
322,47407134012997
461,68714234942934
355,1549762933481
446,25043405929705
608,2016741825933
326,7631153729842
615,4456488458022
453,73247602365143
564,0343926793252
616,3121657360293
445,3926392037912
557,9525017813705
481,8685967260278
569,8302627437561
591,6491553873519
467,83179555449885
379,23282612715013
598,665915299277
605,8059246584432
565,4159115141463
589,9389553545777
427,2976517859652
463,24122381861923
536,1376550722915
510,4820298613432
526,7940858919605
430,65105780534003
534,4622677114401
213,67826510866016
613,5028322934437
401,97678422755416
424,1980739066801
397,90528383310203
276,4888200381057
500,33677071993696
441,87405554667725
322,62637331823737
292,6799291365379
452,23946419720517
611,4280418645469
361,9599060170766
404,65932185123535
495,9941685125559
490,25457478206954
293,35439326700015
445,07960627534646
399,69354814677195
551,8222601486693
275,6654575495926
497,3842337625123
482,3885763096633
562,8716385574226
396,22508897891953
263,01793249575957
339,29485714355656
430,75178484697983
445,6020567271055
523,0213991088917
334,3269643057679
522,6592576945825
515,1101945621277
403,1192183255323
519,8786966982135
649,3838727845853
546,8555017106742
613,0488393062648
589,5575042239254
749,6896548443572
675,4159115141463
455,1701832544852
478,07097927414236
744,6220038301317
475,8742403239707
542,7618774756763
458,8759726163779
590,2073888310397
536,289540825092
521,997700298106
578,4223840515224
471,40221813443105
383,58044109632675
446,2571027469718
603,3816179439152
407,6815276922708
466,1562713324083
353,7677051231608
265,4816006276312
524,3750400618803
387,86737502789697
330,6318957347998
321,1315536668834
606,6704118021819
520,4556733969387
485,4292629402294
552,3450602858148
402,22827596838056
588,134867173572
353,8163549803334
346,91090033809587
411,33992358309473
156,71092321662323
194,36300951978404
393,9365332424445
301,04546315236644
332,90568383975045
147,96768737313573
274,6008982587613
80,8287798127044
166,79145035796034
181,697737586197
231,52317896232557
309,78529884248917
236,0237431331804
163,0982803852171
305,1820048654873
260,25597031392465
233,06702766171165
316,75178484697983
251,96476129594933
290,46102799253117
267,01010645467176
287,568395752185
514,9099337513844
426,375014889179
429,98639788748403
296,96366742983446
235,506315409619
281,5773956643808
347,8716385574225
181,31705014171732
172,35866253461919
323,1282428990549
21,122931506412762
142,09988350352953
59,32362028913165
222,41374794484423
172,3257897030107
256,2743921556538
292,1576456642272
122,3837941731855
88,31573124743247
195,7801211887152
77,72187869770431
368,32776257994595
316,45725837469837
251,6176112130518
285,3498810022636
341,24783254633945
136,5737170048981
201,03786060396487
211,953687740852
36,995876126528884
160,64076767570756
36,21152178108953
204,4390707460541
230,61881289721478
164,60178303255805
304,2297379226499
223,34290698529622
331,37504006188027
85,71148541713195
41,85241410538525
113,35364030375895
329,95772470443364
68,06896438632799
231,03186488769185
239,47683441184398
289,16160016422634
93,2841667850051
94,97380884021462
49,612780803754475
139,54176883567033
47,71525569981078
271,05166376750066
70,19555170800575
120,6907961121234
208,27801942440212
280,86981748306937
75,25383073007808
209,07036209623905
119,57659267306423
213,2023681718791
115,45213121827763
299,1216432386024
102,04215350726712
60,861720331172414
154,38659714564423
279,93722355010635
92,01392247763089
86,67739346680257
335,27450121972265
114,07117199942292
144,32723875919112
181,89848585065616
383,5440626873861
309,9444925356334
122,42620400390055
404,6200587856796
312,53500322065327
73,49741450680898
319,9143352592774
92,94868851764619
403,8941090567555
299,8177095632757
151,06517673066898
315,31861722111796
206,89552793115342
228,3020037968854
146,3802586487462
179,94500093789586
182,49557215583857
377,95949850446743
235,761901316241
308,72272050706886
368,3651625719872
202,11303575913323
395,5080855846044
376,7918054528394
271,9295055727339
287,6638645823883
501,14727556475316
207,03203632191034
206,550811909358
261,28334970899414
365,2630347435585
379,61881289721475
444,15628033538684
551,4127206303722
296,1358313182233
406,7860466812065
454,28589893498133
542,5120249381816
394,2825787920349
457,1977884113261
392,77108024473216
320,6038942871333
157,41523748807882
303,1988606906656
371,49578839226933
238,8491737770066
401,96415046413426
398,1585045376708
227,8845813321515
227,97660306455626
171,2940232718722
232,9291195228991
239,2765239725045
506,49690388838314
397,9524877923587
247,6281983468649
199,72040301905125
282,6955092444803
571,6377412188117
350,5765926730642
523,3351932499284
385,8661964413094
371,7954841871141
369,6491553873519
289,1193506877791
463,11616455240016
252,37039777148476
473,4769922148158
350,9361012944088
470,91415823534624
621,8872098712835
398,21078698832594
308,6549840077158
285,14367339398274
209,94265896105838
182,86057597038536
439,68320296467823
297,97678422755416
368,18805707911815
238,69806328482238
233,95302847489273
481,4667957492035
351,81173988462683
485,84333325103484
499,23248743924427
499,08451719312643
608,3568475522366
346,1082659821179
447,68311221851957
496,39505987038774
313,40559460719777
624,1585045376708
309,10765626631127
423,33362779603124
647,7674530414445
468,1972061711235
529,8208036474223
462,1631754976214
331,1071955629204
426,4194481655957
325,46368653188534
402,89154428799577
430,53320292221133
525,4636643292007
322,75203379768084
408,35128562785184
525,4043686814646
714,7079187327247
446,34106057804
467,44011463334596
383,9559123945169
560,3285913599948
303,3052768510848
498,70219082639596
394,6817221466332
354,3661755226477
626,6896548443572
634,6523079192157
657,8695230561627
300,2223855675337
267,324726047107
371,47783578915454
262,8450367613932
349,09417687956073
443,8848086275679
246,48691329410627
250,4936491336859
284,5491138618121
407,0057719761405
386,8063721532433
429,4082599367711
494,4063930428929
472,14430084570984
322,95673540451935
121,33616910859811
547,6240276229574
368,8386039006864
324,2676934541415
191,7230313807428
264,1659390402432
366,6007175526038
316,1017548123742
379,9265644641166
454,30399511371957
573,5514926386309
608,2949203545248
502,1187764654322
470,58450084071325
413,9350441224684
630,1097006798268
584,678734596808
398,44941660421716
477,13012700166973
476,21314684080926
453,8055181472902
571,1676953155659
613,9941886670517
538,8679896188542
545,1908811265557
592,6349584162948
636,2621920032389
743,224198428666
556,5912523293559
504,47725787187187
653,3627921278735
705,3965666600752
466,5192996020014
240,23079378086814
435,54514351977184
675,5397671766789
462,1434129687468
482,912671706674
564,8656772729262
750,9937088313013
588,6941312632076
716,3945071160196
459,0158043645261
591,2365572527583
518,6441759631846
464,0047182687241
440,5974907680624
549,2208070178065
625,2901279486807
672,6655645266626
641,8228655004955
559,4772304373283
513,949210382941
542,6444641654659
565,5342878008142
626,230361900758
638,4752503742322
750,4946050669128
523,6302156019439
651,8927994604862
607,3393653552009
690,7441388503344
514,1987414127739
634,8785286840572
609,7932523198751
527,1730034815563
816,5359592857949
699,4610612042761
558,909686315547
659,3795670348262
553,5324769556314
825,3027514286963
556,1783528359862
483,64559452529
491,6101097110061
854,4278753764324
644,4127587329995
847,6489294476364
489,3857454999519
681,1732036530186
609,5575042239254
560,7778221987071
583,3630095197841
617,5721543562048
684,1812633939425
648,1778725676745
687,8302627437561
689,2609465517507
864,89463718462
879,0284052198632
700,8298002437899
825,1712673831452
636,0081230790578
845,1639020102596
743,970124780529
771,4691387765884
780,3179974285894
857,436629541034
839,6883480021543
785,2153783540773
963,6487107992818
795,9121453811401
773,5071198830556
947,1773864357377
799,6853919367493
911,1842939902617
749,482102972724
765,6802286663803
1003,1813715620642
1060,6984993609753
1043,5648366334208
855,2913089908913
1118,6091718634848
816,4098398092902
929,7918054528394
792,4111124833585
760,2949946037214
816,3995104586521
821,3630095197841
865,7527058246817
859,3390615754415
857,772043616403
736,6595489806031
755,3603760152681
837,0284052198632
759,1769468967461
748,5788880938164
569,1591438149597
740,8243117420864
501,11019456212773
388,49538090283755
421,1954938335897
345,08265025406865
593,2556629176826
642,524161140575
428,26094655175075
332,3556272784438
317,0742759200005
579,6655645266626
378,767251244047
269,7140286210664
428,41179826699226
433,1685876013944
320,1675388681956
450,0343523097641
415,79705285004945
527,7593990778336
648,7079187327247
563,2593146920299
367,7040369390153
406,9314288942295
307,66860641636345
589,0277998680369
295,1409011044857
403,71926320981015
451,0378606039649
437,23946419720517
572,9599185534325
601,3763104254474
394,4539970413704
503,47767129684905
407,3382477390131
405,5478167873917
541,203350835493
589,2949203545248
455,96637627784605
445,8685967260278
440,35364030375894
624,0131222215341
456,78323469516374
553,2726082707533
529,2609465517507
650,7543304431284
533,913060952616
446,3121937147877
576,1552148831129
653,4539065770992
518,8685967260278
480,98457241820466
528,2230832285276
666,0845171931264
653,8211305037063
682,1760501714293
539,0101064546717
567,2065905628865
447,0991619861301
708,5512813039074
586,5952980199304
669,2324874392443
436,04259470834364
468,21667643048255
487,8063721532433
607,2720094444561
636,67853506652
522,2447944717318
638,4234071269505
599,4249511666499
441,1413610486193
486,9377526929412
508,28589893498133
415,0582946026684
380,35876714496305
316,78025006212624
573,0036028806452
623,3027514286963
316,0825436412273
484,1514942325713
427,14995246432954
538,4540018552187
642,2992632644102
417,6318957347998
627,9454749733079
486,35700089369675
381,2477891238243
452,0752236284194
452,6549783489668
412,64559452529
623,9850886278033
634,1792182481067
610,9379210919549
411,94036113322306
615,4957883922693
546,1544846618082
469,7260473229501
680,2236699490925
409,6401730927774
590,1528458599479
668,2745012197227
586,9477227068039
669,9645919329855
554,034352309764
637,2901279486807
673,2018098728618
684,3336467238428
691,9965016476558
713,6329024836192
571,1528315608232
690,0845171931264
447,05917288961507
623,8133646896151
625,0416431240978
360,65368651165625
500,79169597171017
599,7017338116091
559,9377526929412
606,9805204279587
562,3651625719872
649,5714810447423
539,4650565664211
399,7282302015378
518,5933170430732
460,3947980891411
472,39364636643495
760,8139852990423
572,7557640879622
474,16180514599307
585,5817496752018
559,6754670071549
499,3188508456192
608,4490477254583
498,5069855521063
392,08265025406865
509,27525577101585
411,3970269175063
409,0559601104712
415,13800739045735
626,5421443950736
655,6421644183081
560,5840842079072
535,7679850905013
523,5344659392657
664,4957883922693
593,1224080297992
577,8771257681179
587,9548007713787
667,2745012197227
631,678734596808
643,8753381164618
622,9692416652879
539,1241289548059
558,5047683278774
579,490151891388
462,31215901107635
750,6722009404386
756,3750400618803
776,5274679074074
669,0670276617117
821,7588285570962
832,6630155186695
828,8255572752555
666,5101388562424
685,0321591409498
808,6985849227352
653,4494166042172
657,7895468923593
790,5287590626509
680,0378927535513
623,575619556209
822,9058577734006
680,0975973803404
689,4715568595033
905,1585045376708
833,4610612042761
668,5326054438727
909,4414129578975
748,9109003380959
741,2097047071761
827,5274679074074
763,8244760362096
687,5985880012862
712,4300119200775
579,5310302530049
633,0682322094837
742,1223596931549
788,9508788449643
813,884808627568
683,207451009677
544,5791984005606
818,2399358173461
523,4833054706337
623,8916093471057
661,7852988424892
732,1842939902617
642,3600110401567
634,4229758595587
708,9068538163281
673,6300658295745
728,7006603198091
512,6101097110061
768,1712673831452
734,8456254087118
583,8406939160463
639,4974341669282
911,3240649110485
611,0680016567106
717,6176112130518
847,3338732067754
851,5028322934437
599,3705978016035
662,8872254516101
811,284942903016
555,2841667850051
771,2024002682883
624,8063721532433
604,4772304373283
730,8353461889307
578,2845385306764
696,229849921053
575,3778490497169
580,8310106096615
685,2629748140566
750,5625516479034
765,7592266851283
581,692398271269
672,6072430765072
481,2707157999979
580,0644623099744
504,7497681106437
497,6287297211842
652,7710802447322
513,7134169215042
521,7704432665279
515,0998835035296
605,624785341842
514,5806261306292
742,0585765433033
627,2447944717318
572,4366071041713
493,983292842975
516,6950214759121
730,7228236500456
525,6846219494025
586,9235425392517
501,324726047107
486,93833980208814
697,5074702889958
411,9051392000622
308,3107181904562
543,6717137411586
622,4802766262812
467,8685967260278
490,70025014307055
491,44183413715814
618,2739628157773
388,6318957347998
462,39563348894126
562,5894422445137
404,5143208135137
377,38472932506454
394,1627825607842
558,1469076191099
380,6813442501507
478,85177037540734
469,569426006204
397,81877866367836
695,1975606268719
508,6567537597957
467,8055181472902
384,3857454999519
560,4955721558385
652,2580458296393
583,333597656345
575,2992647940439
648,4082599367712
432,71088283729796
373,2717327583491
628,0456810742443
528,0758915138292
395,5417688356703
399,2993540469205
558,5827750813661
633,8408659775918
709,952430506911
585,6260098113385
512,5693178860241
339,4816006276312
550,203350835493
480,41876487733714
369,79752160228486
568,4707518622711
327,01558064672054
404,1614805355349
370,1298645526635
436,2192025894122
332,81512537691646
511,73292344330514
488,7632320733137
484,0401972004129
528,0497539542594
445,22465291146875
560,207451009677
586,5005136207872
469,37357523237296
624,8231554575872
485,8492036822087
529,8319425137972
705,3283679317722
639,6872027514165
536,4625610346723
623,2719001437302
523,3294359570017
437,1521149155344
642,9980352994511
571,3315526916797
812,6091718634848
665,7543304431284
464,2823618780708
605,8252440724154
553,76850199942
606,316743759337
500,1315536668834
745,2739628157773
556,897483501385
701,8841671176666
641,6622876013696
561,8943400890678
657,3880097193669
635,988662799452
816,6204131466526
615,5804922299733
525,675593687489
781,6007175526038
839,3115603842032
845,2901279486807
690,3414212079012
726,6815276922707
662,75273659746
882,9673503578133
694,3556272784439
686,21159132435
715,9752930591069
759,3033877030991
805,2633653799361
931,9365332424445
751,3880097193669
754,4785448717225
737,6069944004076
665,4361958884616
783,5936617142033
917,5379102352579
769,0670276617117
818,6020567271055
845,1235580736871
872,6151910762178
878,5072170778279
816,565571199689
691,327394671696
827,3720080602169
742,8445197503561
902,6260098113385
919,9344403790485
683,9673551166408
806,9752930591069
970,1170291611377
787,7497681106437
769,7700780521357
677,9509021914074
732,3512856278519
812,2447944717318
962,8353461889307
794,1284546751425
982,2393295974066
813,117668301184
825,3372405763694
878,0562093904387
900,997700298106
779,1634802276826
924,6392859554371
851,7457511281989
721,0998835035296
673,2984072010726
777,697737586197
697,8577799493075
697,354828357349
647,4210745581674
743,1017881787377
754,3897134681522
647,096185080965
749,2894998597963
520,6782651086602
663,1306028166416
625,6642254592765
736,4622325347843
574,1268773021559
457,10765626631127
696,7543304431284
727,0666694682441
730,9245912037891
812,3378665368446
710,6375004056952
741,2422378269061
738,6857497577785
644,1057721136164
582,9752930591069
571,5252481697694
688,7010977248688
887,0024942554123
858,7600391700885
624,8735831517453
723,0710764689147
596,2643467688335
726,5037748248196
744,4102108030572
800,7048578716079
690,2958577236321
556,7922892948375
830,9099337513844
811,678734596808
565,506945168392
756,8357391387005
589,780462634144
611,0112299109123
472,6315596356404
503,8055181472902
744,1069127936714
552,1161221211157
729,0057719761405
726,6188128972148
843,9365332424445
784,6857497577785
599,8406939160463
610,692398271269
742,368753383152
676,9204565520556
779,431515758463
640,6995090285121
586,7843585139261
809,9389553545777
616,0752951902093
574,0680016567106
786,8044733610323
602,2765220520563
674,1724651453005
595,8642355494757
683,1521693813158
544,7134169215042
515,7126116763789
706,8056760439941
493,2341920772485
514,2040471257225
642,1925762229926
622,1842939902617
558,3813329603518
545,5305708352981
617,2437073912412
453,8055181472902
516,8165814206791
555,7921862697245
544,3020790033169
339,767905423817
374,57929875912976
462,56094183013874
487,1767074240132
614,3777188301597
565,3763104254474
544,8252440724154
646,9972768047332
473,8471359005463
606,3601182571999
520,0475484228123
610,4102108030572
567,6668001088597
616,1283680329303
658,8125199943838
539,8891003120959
405,0690381968183
519,6553446606254
583,9099337513844
480,58174967520176
369,10294139162045
359,3380559676557
352,66602823521384
542,3830395926934
327,8491003151678
397,04334390838767
438,19867925850633
450,87538301953873
503,1331683125412
577,7631012974339
365,1584930824687
580,2990626358838
504,0431269097012
497,4460305650829
495,88458133215147
352,12787410102845
414,09762910251925
451,55965531020763
317,75647409939984
466,51562263384113
373,0093273321633
529,4409305201413
550,1778980845684
598,2281409546225
490,6020567271055
386,6066072210474
467,13757833073055
403,10985739819415
445,8600183754264
439,74864335095214
626,1812221319722
581,0106297685232
430,983292842975
467,5417688356703
502,1614805355349
359,97274808617544
532,3908771258511
358,9752930591069
476,2766556550889
442,436629541034
533,2470020918213
531,8353461889307
442,87405554667725
450,61208674538534
253,2480267339013
515,4895161666723
442,5753510210443
254,7749869340477
356,4721370983119
377,06874051164294
466,82953138676964
593,1394789974802
516,1620911372735
692,1472755647532
631,9849801911071
434,13418610746146
703,9433131501945
710,9316725480065
629,1856378644735
664,0112299109123
658,8785286840572
731,4926145295233
616,0868595540528
553,6020567271055
447,2029089609502
478,2949946037214
599,38346804611
736,9219665420406
479,50540391900336
572,9849148087516
762,2745012197227
604,3170501417173
638,1620911372735
769,2739628157773
668,639437880382
738,1977884113261
680,5799861214391
849,9518490540888
589,064695982186
655,3250760191869
855,2236699490925
663,7934493865878
657,1247612625316
629,0536019476741
735,884808627568
748,2038132265111
751,4821949919245
717,8785286840572
624,4955721558385
516,3830581028803
675,0445166696304
523,3981851487345
736,8575451038434
712,2968597127046
715,4772304373283
668,7642648335027
883,4234071269505
908,0379038249357
679,9350441224684
651,4063073135517
680,4539970413705
797,5147110153421
764,0874131087437
869,3209253031359
761,2394641972052
911,7928448742987
830,1986792585063
911,7918054528394
759,3978899587787
783,1210145559196
747,1894529172972
857,1641234406145
755,1835504030296
937,2452886030442
886,9548007713787
1038,197560626872
918,6430876210472
925,3004772694085
849,1898725449748
743,7010977248688
620,6231413486172
771,3123749223195
770,4407971390875
730,2893129399563
651,0382814813257
854,5126330677865
910,0778924844356
683,0835409760953
977,8133646896151
923,9783671925738
976,2440999754772
762,5785601266042
791,0048819571507
773,0669777258419
693,396825708031
1024,8303650665584
957,4490477254583
1065,952430506911
955,6159513735008
1033,107922078473
992,3221657024947
826,2798812753214
830,3369799905607
910,1938410056762
931,2447944717318
990,4667957492036
795,1665639502083
745,1898487430593
772,2934920851826
702,3179974285894
643,0143249595853
618,5431760881727
620,7945524994319
674,2609465517507
879,22973792265
807,2869391262759
935,3027514286963
940,5798371857652
762,38346804611
518,0294826098092
618,697737586197
665,020598727705
565,9203250047045
443,0520699542095
770,5773045433133
705,9432674941902
696,238280877991
651,1530964498131
693,8063721532433
518,2786601173618
700,8785286840572
782,7020526030623
632,3475212555835
717,2016741825933
519,8489791392828
645,20010127828
480,1316138274363
581,7485098582426
559,6642254592765
528,7530583882149
578,6066310606083
612,8698174830694
675,5936810853948
440,39364636643495
557,200022230235
612,3945649213986
470,19777332405516
648,0710764689147
599,0856436659626
623,4857955534908
694,7506008096788
809,7919660196742
518,7007143972346
728,3746211346304
644,0981573529582
528,366677862722
516,1340852868984
593,4898447751773
665,2607217184437
438,7282302015378
618,1241289548059
549,3876291057616
689,931538797005
598,4822662028448
620,5587843527342
521,7282302015378
555,0384981053775
503,6637963710669
554,7199393724956
475,5093956687922
574,6441285806686
733,0277998680369
647,6553446606254
508,69264776630376
445,25564836093787
582,6638645823883
623,0874131087437
695,8983791785439
542,5765926730642
582,9848444928598
745,1812221319722
601,5154146724943
651,6755052136825
444,3915152526598
653,0184878537752
618,7918054528394
514,8977889831747
539,158059888667
641,9146343083675
653,9379210919549
687,6984993609752
567,5596553102076
450,57628595543264
451,5627238752989
554,0628880241451
547,613405642287
608,2948908139476
549,3870059168789
632,5817496752018
747,7710802447322
585,7607843116327
755,0364390973182
589,1101945621277
699,7634678157881
579,269226359595
608,4676141136756
759,9219665420406
748,38672373635
546,3274438929735
503,5491425901523
520,819229716759
564,7480424499954
316,65401754979365
341,32916431564297
411,9396609816509
551,466580040335
447,9783671925738
418,52930204138
353,2428426687844
460,3409322032752
214,10765626631124
541,4895161666723
495,78671144942143
506,1778980845684
318,80271798949707
512,5831266446287
243,81647973034296
329,7612166281001
403,5233744884139
367,35364030375894
292,3314055993555
257,4179056609603
354,26804487082825
317,1224399434127
430,9007703919495
336,09988350352955
362,66482240655847
561,8961239073813
346,4001686767434
550,6919686995036
325,9210837365333
606,2081443465479
352,27149831690593
398,2073590653106
475,2073888310396
637,6523079192157
539,5361431720762
424,6894910585153
265,550811909358
419,6736955361281
393,16099539545104
320,8264115272248
400,2080207481653
331,9475634999426
19,397724160248522
278,2837456973189
118,22196753835428
275,9850886278033
257,7480424499954
227,51471101534213
298,3854091564188
159,76067766996306
353,20150028861576
203,23902573754276
328,1842939902617
273,60826478317216
54,70017875950959
312,77194493671215
249,15560012099593
34,40559460719777
200,59304867002658
99,84078468697918
324,0952638347882
266,1858617769527
149,23886484501557
180,95808178214702
266,35877400215344
94,64298433591037
206,72163695582597
173,32632144874626
312,3370924047808
172,4817085856085
104,06800165671062
187,0178362261053
336,2593146920298
247,8716021502802
258,84928170483056
157,06125497329114
243,06638739945575
318,0057719761405
233,8902353640544
416,8872098712835
154,22418262748155
203,74847119344426
48,58905502339941
154,81214192866238
16,518473287793864
52,415032641959606
31,150024622248228
139,23427090729106
70,32595729358154
181,697737586197
37,07390190754589
232,43263978662287
152,71993937249556
284,3139536362336
175,61925958031338
332,70485787160794
295,8301631808895
132,95962123238058
80,13518910600968
310,3816179439153
27,24778912382432
62,79700875731787
290,55149263863086
291,4082599367711
177,94723401727808
100,9426589610584
26,653686511656275
256,44904772545823
97,64017309277739
68,11053123285322
10,685687927266837
167,4137092289802
151,99894037858505
170,23946419720517
59,91201968382826
60,24718127354933
131,0921355681265
92,28059554890787
73,79751605283685
104,75552442154057
135,09417687956073
71,63189573479981
113,23541654253344
12,482205979457374
162,4691387765884
128,66067426175215
88,31573124743247
116,76658735401608
103,8603669754109
74,05596011047116
152,71993937249556
38,1390716449512
77,72187869770431
36,57627871907125
145,21510335895573
223,82307081590884
81,44385294402224
36,13533227326219
132,68056301194989
275,14690761911
322,00238309521086
78,3830581028804
87,76321064915886
85,2823618780708
33,49281705093967
123,80551814729016
145,57895707904797
13,045003005483167
170,23946419720517
167,31799742858934
162,4691387765884
63,50182968497113
153,5296214314183
78,35200452276725
29,305276851084795
283,1934659814722
190,72229559918478
92,32218457353193
123,80551814729016
58,917203486336184
206,2025562269549
189,19807390668012
59,08469157424082
210,53446593926571
35,84487191276466
80,14431596987838
126,7677051231608
63,10623214908521
0
35,95561583397238
30,681797133678163
0
80,92459530656863
21,481600627631206
0
28,746533286343702
53,899306451142365
8,402163049769277
110,78780157247252
60,861720331172414
33,1901533491669
21,481600627631206
62,47792748337744
39,67889262940636
6,175752174057065
80,38724769378426
10,72787947954835
102,43645514753436
71,63189573479981
47,71092321662323
29,107656266311245
128,64627133128633
12,482205979457374
77,72187869770431
132,91969622958396
188,7485098582426
123,60707009091816
36,610109711006075
32,170832923585124
118,9493852968805
12,463801765961577
78,3830581028804
84,72422037972696
8,798536231428889
189,15046494379604
182,11893694951655
79,0732236693318
323,12797907577294
6,314051481588006
34,17521006412175
95,3537046291104
126,166781086217
72,32462112572951
22,88326299460546
48,15627938075119
23,356530466868566
26,93159491895083
29,79659258557843
68,69210542386325
71,63189573479981
75,79812786272406
60,861720331172414
113,06697772584191
118,63402192573318
102,79228929483752
177,4933660976939
45,165902968519816
29,107656266311245
285,35162647940956
44,15789127788739
78,35200452276725
43,29734353200648
16,08944458266316
132,0378927535513
203,24479447173178
181,14022847002133
131,7895468923593
154,30183742862965
206,2722696220005
88,62243143245004
95,3537046291104
31,150024622248228
80,76572174644538
89,75802868039403
71,03828148132577
97,68567883376046
68,69210542386325
26,93159491895083
82,01432495958534
135,96476129594933
14,78621020726673
42,645594525290015
128,70025014307052
153,47174190151296
95,42335219957472
38,86466316905741
60,861720331172414
85,2823618780708
16,405594607197767
80,38724769378426
67,81647973034296
46,26396159689447
59,83856735660034
8,627258277109508
53,721162796883924
110,84971751665316
235,16187545895994
139,54176883567033
253,31100005403061
242,1872121061758
273,4477111904538
206,67951823691786
95,85710237952686
145,4036109930408
203,2282759683806
256,44904772545823
206,69323302946336
111,98516815769376
109,00185217160818
21,481600627631206
72,50993221293211
50,95610594011699
60,861720331172414
238,0868595540528
50,46098717574714
62,47792748337744
263,23036190075794
193,65830837922397
66,17170686013262
261,8089739848922
176,41275023765263
57,26985088854203
65,3451971185495
72,23952931693594
101,2949946037214
48,58905502339941
0
333,2593146920298
141,99066394278358
34,17521006412175
44,88939905674917
64,02609149807107
68,69210542386325
55,54592369100997
110,78780157247252
46,265406524996564
96,74611905884282
50,781337727462734
101,12981498692473
14,61137165282211
275,31073623074866
59,39323545475511
16,67826510866015
31,02838057720215
82,20290896095018
50,77122101990198
47,78435851392612
126,90899363632901
64,03337693278463
10,72787947954835
154,2765220520563
181,697737586197
284,45390657709925
82,01432495958534
60,71819364889622
0
51,02927439788493
82,01432495958534
107,74723246726286
10,401302412371578
87,29850748911264
47,11438042697242
167,31799742858934
71,79002326327449
28,431695986808162
50,781337727462734
21,396825708030928
38,51750422298022
82,0053310998846
95,14142918179417
29,107656266311245
0
107,4009925413995
181,7934493865878
9,49385328616157
105,21959562294278
128,12719957769684
51,495920522194886
98,85269281341428
29,305276851084795
14,514815466533422
51,1921020511082
143,27525577101582
154,81214192866238
82,50939566879221
85,2823618780708
60,903830347382765
282,1507244184453
93,03932876212313
49,23582824718663
202,06641765684648
105,13396282542428
194,5123329565538
76,96379735463726
25,221796461781857
33,35006586203145
101,95688081275364
27,24778912382432
113,35364030375895
2,9651988068345636
92,37814935694705
153,47174190151296
181,697737586197
24,842292882897866
16,67826510866015
68,69210542386325
97,08005454503832
143,27525577101582
148,34106057804
111,55183250717617
132,0378927535513
100,99966155580499
31,150024622248228
88,23316068389177
74,1315536668834
48,80431258339621
259,3087714422011
37,64613684256075
50,54511087712817
29,107656266311245
24,748132935944756
312,4966907555652
82,2717327583491
52,87434830512355
137,2366108358046
16,66545754959256
113,69239827126893
149,4127587329994
71,63189573479981
77,72187869770431
31,150024622248228
123,45936295507238
65,40314089086328
49,56351982004071
132,5049349768976
155,59858800128623
67,15854881046444
38,51750422298022
73,03911138552225
286,4414129578974
92,37814935694705
81,44385294402224
119,57659267306423
94,34795752511808
103,9655691059161
182,09414842111119
133,21888146090623
57,29489488477469
37,94528676992698
34,17521006412175
37,94528676992698
22,906123336159432
131,1777024229836
109,00185217160818
36,02969974557467
55,54592369100997
71,63189573479981
47,78435851392612
86,63155963564036
106,63368750207259
76,90231427333224
71,10268318708903
111,2714431002797
114,34561918783542
194,1842304317849
10,744424641767274
177,42232240506385
211,93775269294122
82,65730226109972
47,34418349166917
90,56721315708754
35,71833504369884
241,7932523198751
109,00185217160818
56,54409430762271
85,2823618780708
126,11454693461928
78,55125369726767
248,203350835493
80,97978574925305
82,2717327583491
86,5471279771561
82,0053310998846
141,5834936780695
68,69210542386325
34,17521006412175
61,908739725975884
83,09045834149889
150,63021560194386
57,96827101377785
50,436701595490696
168,98484449285985
128,70025014307052
133,52031786603732
80,28979849112773
65,79416330505589
137,0057777295722
170,35000683930087
31,150024622248228
89,60991879174598
203,24479447173178
55,24311969701958
122,37373116141009
48,58905502339941
44,70042653133737
42,450515817468386
58,27135114411256
111,47542868403016
41,37023935607702
65,3451971185495
29,107656266311245
120,72168924373976
168,14677325851022
118,63402192573318
167,31799742858934
171,64882136248062
77,23239779182107
158,22508897891956
70,76554712546418
72,8065180363498
87,29850748911264
81,89150885067806
23,144917720648156
116,66391505636533
103,8603669754109
122,57454149804865
143,24783910346872
16,405594607197767
77,70851055645234
100,7463843396385
48,942513935552114
50,33926808319883
126,13189534239379
31,216973527818038
80,78005125908265
141,99066394278358
143,1688232694203
60,861720331172414
16,67826510866015
165,8768963554036
181,697737586197
27,941317272149426
80,92459530656863
31,406772878154214
33,84663408804016
148,34106057804
149,69128053699046
177,42232240506385
26,941941534727242
107,64530167104047
34,17121437465819
11,596988438749747
46,646316719472864
267,90835902903586
31,150024622248228
44,415237488078816
167,4137092289802
274,131062202309
167,49440046079428
221,64642148417641
58,46411628833227
114,34561918783542
43,29734353200648
185,13632047136713
180,8716021502802
29,305276851084795
252,23397759466613
145,74573206827517
176,8813831465558
82,01432495958534
85,2823618780708
113,35364030375895
334,15401356496125
226,29585772363217
307,3316033252138
12,623447127380567
145,19770762223675
48,58905502339941
238,0868595540528
98,97368760415806
85,2823618780708
250,16769531556585
89,40895739527619
190,263621330026
0
109,00185217160818
104,22001724627832
174,99118721626974
29,107656266311245
13,34905907247453
65,74563105265513
17,318845638871743
90,21755174252849
44,310718190456214
4,259072463248045
42,645594525290015
60,861720331172414
97,74180758210869
102,79228929483752
193,24570879540536
274,2948908139477
82,01432495958534
52,44598408808592
217,93687075363135
82,2717327583491
170,08751242057542
0
56,96735511664072
149,4127587329994
83,37237605674255
42,250056160026595
235,11888726477414
109,00185217160818
111,55183250717617
51,41681420111236
59,32362028913165
159,86355785919625
158,22508897891956
48,58905502339941
167,31799742858934
16,405594607197767
71,42705669467684
54,40051928853922
81,44385294402224
73,69588890325356
39,26452113314858
214,5181586881966
119,76348094212295
222,51249319439728
167,14792416680507
92,37814935694705
145,57895707904797
47,78435851392612
193,55965531020766
48,58905502339941
95,85710237952686
141,99066394278358
70,49090159919717
283,1934659814722
298,4023148331
74,1315536668834
50,436701595490696
68,69210542386325
181,697737586197
132,86859672602782
31,19660967461373
189,15046494379604
96,02566878447665
225,18401731852768
106,92106394831767
161,92819951808033
228,90822143160165
64,80735049214192
21,396825708030928
134,2521406803178
77,72187869770431
189,52834877192828
196,6020567271055
116,02333452615373
68,69210542386325
60,861720331172414
203,24479447173178
30,18309497997927
23,724194135136383
111,16017951751999
114,24425309528102
64,09916198613014
168,49557215583857
206,69323302946336
27,373589889067002
64,67394845161927
223,4042801685561
159,42428635197896
67,11464408781308
128,79739687883713
95,21558482748624
196,6020567271055
63,32739467169602
55,216939859205766
155,86919367980354
21,481600627631206
103,8603669754109
237,24634658643797
167,71647327904893
85,2823618780708
65,3451971185495
84,81968849036849
76,77280948099221
21,396825708030928
49,980642194519
249,21919625229395
75,8940309601692
0
25,77229286863164
71,94578917599107
22,01462562605911
78,23282612715012
116,02333452615373
27,01793249575955
93,68332056824906
50,55489871663738
12,482205979457374
19,877021616164157
86,5471279771561
29,305276851084795
94,34795752511808
29,107656266311245
170,08751242057542
168,65626220966394
13,454910336231702
29,251648666726382
76,5733439433634
195,99770029810597
203,80919704290574
96,87197972737029
12,482205979457374
70,90675200524022
141,97986964349735
21,018748895282407
77,72187869770431
55,46707251116879
58,27135114411256
82,65685638928892
83,84496204994781
50,781337727462734
148,2016802770392
39,555882240730824
196,6020567271055
79,38385699592344
67,3960297387957
21,481600627631206
70,08265025406865
101,2949946037214
59,32362028913165
56,96735511664072
2,5106855999218367
94,34795752511808
102,79228929483752
85,2823618780708
126,59285854131788
26,368819540332947
155,853396543197
34,17521006412175
167,31799742858934
12,482205979457374
89,37095034970032
96,02566878447665
117,75696057284391
100,00932733216331
88,1170330268156
56,43336165936687
279,7906984980107
67,94553627770544
182,64758316334309
31,996957088233252
47,78435851392612
144,10907301688871
170,35000683930087
135,09417687956073
90,56721315708754
126,91787950014366
100,00932733216331
13,050777964998085
107,74723246726286
53,02135584738282
77,72187869770431
135,27846212505284
91,43571476867243
301,1282428990549
18,954427143912717
63,6380088998629
122,3837941731855
218,114831949148
85,23686545175103
174,81663297469774
123,80551814729016
65,3451971185495
85,99601034501904
0
20,823077811883767
29,107656266311245
35,50578585807396
77,23239779182107
104,76208923071209
101,2949946037214
36,610109711006075
181,697737586197
197,6176112130518
44,357458923728146
258,94772270680386
109,00185217160818
22,304313661716076
204,37777093318815
215,83844263887067
22,070423237923368
80,92459530656863
155,46626952286985
195,99770029810597
44,310718190456214
193,55965531020766
214,09801785359818
189,15046494379604
283,1934659814722
119,57659267306423
55,46707251116879
2,5106855999218367
150,4139814298843
247,20745100967707
29,107656266311245
36,610109711006075
55,46707251116879
80,04219311549683
82,50939566879221
47,78435851392612
219,90882678342783
53,924149155460256
0
90,56721315708754
106,24553660942652
117,8598650586284
76,58608035466254
141,5834936780695
129,5181750434827
263,23036190075794
203,24479447173178
77,81803637907211
128,97529305910686
184,98763910143745
187,61653694281486
58,710963923696426
303,67725095642385
110,05800137496264
345,5074702889959
226,3020790033169
167,31799742858934
67,01906069184055
133,7530512725625
56,43336165936687
29,107656266311245
84,72422037972696
154,81214192866238
219,28257879203488
19,593203412828558
59,32362028913165
55,46707251116879
68,69210542386325
260,81149603291396
274,131062202309
25,484729011135446
43,420163212272534
135,09417687956073
76,81404294407818
18,84751722063413
61,866186195102756
145,4036109930408
82,07757324830507
118,12519481928999
161,54763898641434
22,070423237923368
218,87405554667728
82,50939566879221
184,53486236566906
112,40016867674345
113,35364030375895
35,99805936975286
37,0178899710506
93,20699805834984
154,22418262748155
123,31722655692829
47,78435851392612
21,122931506412762
181,7934493865878
75,8940309601692
77,72187869770431
38,58068710116309
72,21293980411411
85,36984883702401
116,00523064318746
123,80551814729016
84,32274736070713
185,13632047136713
27,24778912382432
75,8940309601692
195,49015189138797
163,03535823463525
29,107656266311245
121,92032500470457
128,12719957769684
124,70502302752064
65,3451971185495
89,42316514859682
119,57659267306423
24,997129113900954
39,11585350106372
116,16532993546132
163,74585645481235
168,65626220966394
82,2717327583491
167,31799742858934
68,69210542386325
101,2949946037214
4,921211723076278
41,91137431664183
23,356530466868566
24,98245199371853
119,43628157641086
153,08536209845846
153,47174190151296
0
42,645594525290015
