71,63189573479981
81,44385294402223
46,265406524996564
90,05672338777678
39,555882240730824
39,639269187813134
80,73634659293594
118,98602115206286
151,32417489069564
195,99770029810597
115,63401136324524
38,51750422298022
126,02726698567793
68,69210542386325
109,62863224848748
71,63189573479981
51,47524945821366
134,71161537465926
204,75178484697983
70,87967515763489
208,238280877991
145,4036109930408
88,70993590649323
71,93700918159226
21,481600627631202
51,42141462588958
38,073943728389516
90,05672338777678
10,397724160248524
12,622012307986347
277,9659664198427
320,55833572765823
12,821477985878772
95,35370462911038
131,3460677331393
22,77148649773556
36,610109711006075
41,9247619789082
16,67826510866015
12,821477985878772
29,107656266311245
16,209452084522894
28,762235671141806
6,4446413542057375
43,21049175348546
40,09921173665637
19,593203412828558
167,31799742858934
170,08751242057542
86,81832436546662
29,107656266311245
14,848655824553145
0
44,15789127788739
31,150024622248228
13,117027165808299
0
0
63,32739467169602
55,46707251116879
36,610109711006075
29,107656266311245
97,64017309277739
22,34376758933399
138,22365475900637
42,3372377000874
83,37973588898119
47,623581577886036
16,79692369864545
27,315346186985746
20,958620550884316
23,757739565280858
4,259072463248045
48,18227920686867
12,821477985878772
181,7934493865878
153,47174190151296
42,645594525290015
12,482205979457373
123,80551814729016
12,64387041382547
10,550531951753994
111,5360515928278
167,31799742858934
78,35200452276725
80,14291889847216
82,97981543141805
63,86923556093806
99,83469721315167
61,51320519052053
29,107656266311245
59,401170071067334
178,0562093904387
36,610109711006075
80,38724769378426
55,550975640266934
37,08356812021359
47,610947940126294
56,56703966597205
118,63402192573318
29,336169108598114
203,24479447173178
112,84318456184666
95,15497629334808
12,482205979457373
75,8806687233528
61,24419953830046
31,057288725871658
42,242651518610245
134,3802586487462
6,4446413542057375
58,06455544952963
71,77442415502514
166,23486634426337
65,3451971185495
31,150024622248228
143,09759738034043
55,830120973177586
81,67888138586798
102,68134425015072
38,695231537785766
70,15251808700943
47,78435851392612
53,49738868861212
56,96735511664072
21,481600627631202
92,12160414636165
88,52076090038096
31,150024622248228
32,15647806516075
61,24419953830046
100,00932733216331
6,4446413542057375
132,8685967260278
55,94793652509662
48,58905502339941
47,78435851392612
36,610109711006075
24,880761477206228
12,821477985878772
21,168090933863507
33,50697292543075
18,687044876536987
85,29378341957981
73,95690150929417
65,80835619274852
116,73225780614811
14,968614682530255
20,903555533893638
61,541444271564174
168,00304129309745
89,33505195926605
53,41823275085791
182,11893694951655
14,885021559870347
43,59773165628154
76,10719556292041
123,80551814729016
48,58905502339941
55,830120973177586
79,28292737841439
74,42471437978412
170,23946419720517
29,107656266311245
154,27652205205632
43,59773165628154
190,72229559918478
142,51013885624243
18,345440983177948
87,29850748911265
55,94202885726375
48,58905502339941
82,97981543141805
48,15627938075119
181,04451666963047
68,69210542386325
95,61918742670322
31,150024622248228
98,92108373653329
55,830120973177586
48,58905502339941
80,38724769378426
60,861720331172414
171,8845813321515
274,131062202309
65,3451971185495
6,314051481588006
21,481600627631202
44,11891299253391
60,861720331172414
84,72422037972696
30,223225561681875
42,242651518610245
63,86923556093806
219,28257879203488
196,6020567271055
71,63189573479981
167,31799742858934
81,17473633062009
75,36344024092665
62,47792748337744
96,2309471291222
55,830120973177586
67,15854881046444
177,42232240506385
287,03591350964194
47,78435851392612
29,107656266311245
67,2632243251289
95,15497629334808
6,322557812695454
72,60660722104738
64,04870625377262
29,305276851084795
170,74073333714193
70,47339961893125
46,64631671947285
193,24570879540536
138,77782219870704
205,93665636456953
67,7144379310848
196,6020567271055
47,78435851392612
140,67290463034914
67,69806328482238
280,17126738314516
118,02628460126748
82,01432495958534
333,16886932443384
95,71483605361158
190,38629874233845
85,2823618780708
33,1901533491669
80,27108818667917
48,58905502339941
47,78435851392612
203,2282759683806
61,8212654734282
55,74491824015512
12,628884330259101
88,35873739619913
35,84487191276466
38,814527032991464
168,00304129309745
87,29850748911265
100,7463843396385
43,59773165628154
126,98034538698938
196,6020567271055
6,4446413542057375
75,8940309601692
18,795433995543416
170,35000683930087
62,027505530920465
0
19,13738056517477
34,82436308655768
27,247789123824322
44,912345741005026
43,420163212272534
12,821477985878772
109,10979139333831
22,070423237923368
80,13518910600968
47,78435851392612
28,783856520963973
0
94,97418419583414
30,97961287363521
12,821477985878772
129,5181750434827
75,8940309601692
55,46707251116879
100,06032995071071
68,69210542386325
61,60807998786898
44,912345741005026
106,63368750207259
203,2282759683806
181,36648414304508
30,214685039849638
29,567195222792247
102,08605473275212
48,46485084794813
49,392852046288255
21,396825708030928
16,67826510866015
196,6020567271055
46,265406524996564
64,23442210505249
170,82237730827902
47,78435851392612
220,90056852400227
171,8845813321515
76,10719556292041
168,65626220966394
29,107656266311245
51,622851888357864
204,7807569591276
284,45390657709925
104,21408143020534
65,3451971185495
240,15560012099593
195,57037964594087
27,247789123824322
149,69128053699046
29,120355838425816
182,9849148087516
104,80697481438042
110,33724057636941
234,18938164363297
194,5123329565538
158,741892739751
51,51991395204327
48,01020185783188
47,78435851392612
55,830120973177586
80,14291889847216
60,861720331172414
24,896189534616123
106,92755115314749
47,78435851392612
67,02910513240367
90,05672338777678
56,758790344288
77,23239779182107
102,68134425015072
117,8245999238343
52,34241437216378
203,45042765570494
217,17694689674607
6,4446413542057375
93,06822070581387
56,96735511664072
101,45943307803499
267,16197766084036
46,64631671947285
195,99770029810597
81,87066957500967
50,55489871663738
80,92459530656863
29,107656266311245
132,84539139147662
91,58967840962026
62,7488605899011
110,72282671948744
29,778308526122455
83,71426926748262
128,97529305910686
6,4446413542057375
189,15046494379604
30,23843559176928
82,79178190344848
40,58891860413698
55,830120973177586
90,56721315708754
94,9738088402146
88,52076090038096
74,96568041899009
21,396825708030928
91,39364636643494
163,64897698975747
88,31573124743247
102,11338923064163
134,3802586487462
122,49778944802652
44,58982296717936
68,69210542386325
27,324621902269755
39,555882240730824
80,28979849112771
81,44385294402223
60,861720331172414
165,58360099156914
123,03849810537744
96,95938590832777
152,71993937249556
34,23082624598369
168,65626220966394
53,46632915452849
82,01432495958534
72,1022080717406
286,4414129578974
85,2823618780708
204,7807569591276
94,34795752511808
55,830120973177586
130,45877704718927
13,677178500743512
24,15644859906358
29,3580854014798
283,19346598147223
163,03535823463525
68,69210542386325
85,2823618780708
82,65730226109972
208,238280877991
72,54195249571748
196,09341209849677
150,4139814298843
297,03643909731824
92,6556119760551
65,3451971185495
0
88,31573124743247
113,20860734838512
211,20738883103962
99,10075294741522
77,71625508984535
81,17473633062009
42,80244708745562
102,7007143972346
115,33805596765566
301,46842402316236
47,78435851392612
145,175247542417
49,252829527627284
12,821477985878772
87,79822185838776
139,54176883567033
72,21293980411411
81,17473633062009
275,0779062477178
55,830120973177586
259,1407911056607
100,00932733216331
73,43181569602247
180,68127077017363
47,78435851392612
150,4139814298843
28,698198324946574
118,12519481928999
29,107656266311245
163,1223596931549
278,4610612042762
80,13518910600968
29,305276851084795
67,69806328482238
31,821052520914236
69,43437200409333
12,482205979457373
70,19552029322337
65,3451971185495
211,20738883103962
92,88468837788093
86,67739346680257
86,81832436546662
94,34795752511808
101,92254443673217
0
103,07097927414235
84,72422037972696
42,80244708745562
65,3451971185495
181,04451666963047
132,25891118942164
102,79228929483752
85,61812148173624
152,71993937249556
41,550505264936376
176,87072042807137
29,305276851084795
31,15283831418249
47,78435851392612
49,252829527627284
31,69315040634462
64,09916198613014
80,28979849112771
91,72118110481023
78,35200452276725
85,29378341957981
80,92459530656863
30,541173104720624
29,107656266311245
137,2366108358046
186,3720080602169
61,49272902088913
63,53752101494935
31,150024622248228
132,91969622958393
165,22640223662754
80,28979849112771
284,3357810626086
43,29734353200648
12,821477985878772
196,6020567271055
155,9548759704327
203,24479447173178
32,211365499047695
95,35370462911038
100,00932733216331
54,062441165058786
60,620654061636635
87,57792897491427
191,21988533873503
34,17521006412175
180,8716021502802
152,3206672090729
153,5296214314183
144,67611041179856
65,39948383034404
132,0378927535513
107,15484199085972
88,52901879099471
50,3589344943292
182,11893694951655
25,707770342186265
80,28979849112771
59,32362028913165
140,74943438923958
103,07097927414235
170,08741310874376
93,7357549202023
20,794646406815012
169,51567227955934
201,62023499452528
115,1351972604172
209,70546614572933
219,28257879203488
29,107656266311245
189,19807390668012
132,0378927535513
83,70115314351368
29,107656266311245
55,46707251116879
146,52639310166106
138,22365475900637
158,22508897891956
180,70779972986722
81,20526491059977
84,72422037972696
253,31100005403064
258,94772270680386
288,7562254321717
85,59660163733824
203,24479447173178
97,68567883376046
246,0758915138292
12,821477985878772
47,78435851392612
204,43557189623235
48,18227920686867
217,17694689674607
104,32784850956378
48,58905502339941
235,16187545895994
12,821477985878772
25,20747782043437
143,09759738034043
216,78433177612558
55,830120973177586
8,798536231428889
44,00109945960687
0
86,29765178596519
335,8357391387006
267,3221657024946
148,87497125378093
59,94501591369795
47,78435851392612
56,75209704575356
139,7452226604718
216,04975395425936
73,92944657552927
80,38724769378426
24,896189534616123
208,238280877991
195,57037964594087
67,69806328482238
71,63189573479981
41,45837083550271
29,107656266311245
31,150024622248228
204,75178484697983
67,7144379310848
46,3625848637416
248,2990626358838
242,1872121061758
75,07785668140274
269,4922281676783
79,97021812250296
73,96691320576839
84,77234936225358
113,94788505306904
165,6494651313813
142,83299314346527
145,4036109930408
58,71261167637885
146,98052572385885
249,21919625229398
22,070423237923368
66,38982458182569
47,78435851392612
9,219177128260815
80,38724769378426
35,00198605616188
216,53509851586048
141,5834936780695
65,28779213040335
172,54970104036104
70,20001902222302
38,13907164495121
137,59393872443934
250,18888652422487
16,405594607197767
145,1665639502084
138,64823937613252
84,24656939251575
85,23686545175102
129,12060028021222
113,59187819768076
6,4446413542057375
35,799296300439764
46,343711874338624
208,7966846015756
204,75178484697983
72,07527561532304
168,79554831272404
68,32242113900949
229,8841671176666
46,265406524996564
173,95789513759394
57,71580203779034
128,39515940477423
54,51619778732977
88,83446997650847
154,12496281807944
123,80551814729016
116,06506526261077
29,107656266311245
12,482205979457373
50,78133772746273
16,723652834733365
49,521233547072
33,487391009977735
284,31395363623363
148,74261953554725
26,65368651165628
30,57926103457935
229,6279729424509
235,8395349335917
263,23036190075794
78,24650859325595
48,58905502339941
203,24479447173178
66,34140295936504
47,78435851392612
75,49286399668999
71,77442415502514
174,6852800284855
56,77427431783073
97,83210540593453
181,04451666963047
151,32417489069564
21,128718704950728
38,54137608954108
73,29671930341735
95,42335219957472
105,21959562294278
142,09988350352953
160,78132587697988
76,98991005378026
195,0867901676052
233,89318760824133
180,7497681106437
6,4446413542057375
80,92459530656863
190,72229559918478
142,5282427392087
143,27525577101582
48,598495321594356
55,830120973177586
100,19502739242884
34,17521006412175
82,97981543141805
88,8498559359223
227,27888016035948
91,72823020153784
49,06160243027786
107,64829672181726
50,71068598094003
346,48335072544853
102,79228929483752
68,69210542386325
223,01223070905954
36,610109711006075
60,62647467290413
100,9002487130872
101,2949946037214
82,54981269001388
126,09478223138689
89,63676502019128
101,12981498692473
204,75178484697983
84,97791726848702
31,764827145695335
304,6421644183081
21,481600627631202
36,636243682114156
12,821477985878772
208,238280877991
91,39364636643494
128,09964989049905
92,48501145449774
0
18,795433995543416
20,79617285946756
71,05574753186524
43,59773165628154
99,9056977439548
68,69210542386325
172,5575042239254
66,57188913917183
85,2823618780708
47,43594383517626
181,14022847002133
49,252829527627284
60,861720331172414
94,9738088402146
68,26656889987343
84,77234936225358
37,97330860193807
129,29768965143654
0
163,1223596931549
58,80250384991693
54,17485476001105
128,79739687883713
33,75027989241335
145,06517673066898
75,7979092941392
260,81149603291396
73,47900989764598
67,15854881046444
196,6020567271055
79,152451762301
8,798536231428889
199,47723043732836
282,95177106375013
31,150024622248228
81,67888138586798
26,05103680168452
87,54301992362743
59,94501591369795
33,35006586203145
24,06752604593757
33,58787771915966
177,73110365297848
139,31214426375755
60,62921618431221
55,830120973177586
64,09916198613014
110,78780157247252
40,8433218597055
8,627258277109506
60,89311673460355
23,35653046686857
53,49738868861212
162,4691387765884
66,34140295936504
194,5123329565538
52,76065730177049
170,35000683930087
204,7807569591276
68,69210542386325
156,8102880334774
71,63189573479981
0
61,77667076072605
181,697737586197
170,45084787052951
95,15497629334808
54,23461263351748
0
30,151669847796285
68,69210542386325
123,80551814729016
85,2823618780708
29,107656266311245
12,821477985878772
46,642778291357
41,90831981002628
43,59773165628154
156,3609931795343
55,830120973177586
86,5471279771561
67,69806328482238
162,4691387765884
34,016700970938444
103,17303695915139
71,63189573479981
84,7154523374145
29,107656266311245
117,02786715639081
111,30471047062424
53,98489489316587
140,74943438923958
94,34795752511808
21,987297199935895
163,72168505816177
88,52076090038096
56,19093888728822
40,93636427364658
2,1850566441633483
106,62118483121688
108,5794797871149
62,467899391966135
74,01172888111947
47,78435851392612
148,09526381623846
60,861720331172414
153,64861651206317
4,147710438281194
105,21959562294278
88,52076090038096
29,107656266311245
89,11461550471435
131,26804487082822
70,4448153406915
12,482205979457373
134,3802586487462
38,90546760035653
17,213546314228807
134,71161537465926
96,72303138074281
148,74261953554725
48,18227920686867
13,098943290926417
78,7585932798298
46,128638096559506
43,757031862096
77,64315805031623
48,58905502339941
87,48504204691017
62,7488605899011
196,6020567271055
55,46707251116879
73,92944657552927
29,107656266311245
46,265406524996564
48,2602192887534
100,00932733216331
182,05360194767408
22,070423237923368
57,44663339585614
92,78510493647786
168,27071579999787
64,09916198613014
11,341565844823005
175,50611300255022
82,18883274103564
71,63189573479981
323,7055402612911
51,59148244267664
310,3816179439153
269,4636643292007
212,26205791711544
92,83577560282781
62,79452625776239
95,39263920379119
0
21,4735889368506
136,69197300965237
86,81832436546662
82,85488413254039
132,91969622958393
193,55965531020766
182,9562249215729
195,49015189138794
294,4667957492035
47,93904432565745
178,9205724048172
277,9659664198427
118,19579487803311
168,00304129309745
43,90728521241141
189,05149410186704
274,3610048393145
302,36788590049883
255,5707714975634
317,77429063698884
171,31799742858934
274,6671188479423
138,25650715739053
99,62202491839817
283,38785527823114
309,2340414397479
106,4816006276312
180,38724769378427
241,12903189345252
189,2823618780708
455,58633680421485
316,31705014171735
415,9548007713787
464,1640708404205
301,81310313513535
372,58174967520176
305,2354716960895
278,549295993655
249,51100945192837
204,29850748911264
221,61736079909412
360,64462227831666
445,5755279458685
539,9414251841481
376,58142563976224
385,1803782384778
238,72144887898142
451,91802312793436
290,77011058456367
333,04546315236644
199,82459992383428
341,61924462526065
409,9594971596209
344,0758915138292
226,99083871773945
509,4741598954325
382,645746417983
399,77262223431956
479,7480424499954
466,2961290962043
552,6974683629941
380,3891600868874
433,1119233978295
457,64462227831666
445,1263585396325
493,8914178561614
625,6137186056467
541,6649896902627
495,22385650519163
647,0364390973182
672,4957883922693
584,3169072689261
546,34106057804
541,7982117772702
692,2739628157773
526,9786023385343
818,7066778065471
864,9594223561243
767,5919619447895
637,6447423985389
698,0112299109123
617,5986976294256
709,0489641312597
574,0853620984585
699,269204377197
664,9722280364465
670,7342541179695
782,4654717658369
715,0572374958679
728,8357303497085
678,662057726599
751,1812221319722
622,2651026818637
563,8796751576349
625,5717065976008
564,3641626642348
673,0644623099744
647,9399030734432
739,4895161666723
693,9173937570501
717,1556001209959
711,368753383152
661,1781875401829
774,7593990778337
544,4705762794036
646,2923685123576
825,0525234510511
539,7204524736748
728,8571861360329
537,7198849663234
759,5819044603168
875,436571088229
720,6932330294634
598,2985074891127
606,2450931987349
851,5281091809177
746,207451009677
782,4980255477474
631,0736403652413
608,8685967260278
731,1934659814722
763,0585765433033
514,5977316562816
660,4662695228699
779,2627864506658
535,6536865116562
791,8914178561614
732,6995586311025
774,2948908139476
543,9658790302278
599,4127587329995
752,0644623099744
787,3603955742719
669,9988464224914
763,0263936429947
653,6318957347999
843,5125356635352
705,7784190591535
783,2457087954053
859,9941886670517
982,960868720965
874,9626494090901
676,3209104049109
804,2985518597643
774,6232829966109
907,2634585128342
956,8171555150145
970,3004772694085
693,2133559541984
936,6523079192157
707,1874209329776
637,8255527364109
703,69111827664
881,8784844189042
783,0644623099744
719,2455631681532
595,7320396620526
818,4572583746983
669,6893122723818
837,8841671176666
773,530507919398
780,9571659822747
716,5424980066597
921,207451009677
806,5215690819614
904,0145100826393
955,3209253031359
921,2080207481654
718,6415393834689
829,3027687197347
852,7807569591275
996,9808931221289
834,9266315245644
927,5445790134784
936,4443567579958
1050,7249633081542
1076,780729267532
904,0002265509833
948,5817496752018
905,178687885828
967,3651625719872
932,8063721532433
759,1648813113521
1028,042344065468
1011,2152159774607
941,2746467416588
767,6318957347999
926,5344659392657
958,219196252294
877,2520177017318
1018,3522078036947
897,0437457979694
1130,7889084368312
873,1029413916204
942,0097917015025
1015,368753383152
938,982472428125
980,23966852911
1067,688223193336
873,8571023795269
980,6932344670058
934,3854641183871
991,3651625719872
1101,8658194685997
1197,4625942236933
974,0802625554267
1065,6857497577785
1118,323389507185
1150,6010599043902
1129,2800522009206
997,1685876013944
1003,6020567271055
893,436744803559
1062,805306369333
1152,156727355526
1002,2743921556539
868,7058403871528
960,5729287705645
870,4466707323777
841,2014716985957
997,9941685125559
1020,2958577236321
912,6340219257331
1129,4501220193088
1022,334131195425
1042,0184878537752
1029,826374103548
996,3110000540306
1030,9937088313013
740,0683934136226
887,158073267574
1009,3351932499284
900,1753027704481
826,2175549116919
1009,2399358173461
890,1661857514788
841,6176112130518
820,7981006815415
947,4253203726705
609,0
937,6608201760951
653,8070038982363
889,7169463414875
1038,2016741825933
888,0509670977873
1055,324821644127
957,2515788834736
1145,1127579184633
931,34106057804
962,2970361006409
965,1694709246003
905,9072166960306
1079,1633728313059
1114,9118719974254
980,3250760191869
1058,3393653552012
1019,7526898291276
935,4438529440222
946,0998835035296
988,9422377431672
911,7011531435137
972,4636865318854
1013,64491728079
1148,1222944248277
1134,27999817138
1010,3630095197841
845,4670725111688
1032,8822280988757
1097,3933991825588
962,2900458088234
1027,0364390973182
963,2605717912013
1045,0454631523664
972,3776813366549
926,8055181472902
1023,1347672357651
960,2694103216056
803,7691537444645
848,4128523982981
940,4473950184515
979,2556341666509
1072,7168715526295
870,2446286707687
885,3235445398251
936,1633728313058
818,1241289548059
864,9766030645562
935,7918054528394
860,7618774756763
968,4684240231624
903,2287233673621
791,573389672433
802,4605577939644
721,8245608071484
1048,3528604433764
802,1474416261065
802,0019218394261
941,0310141221141
856,3929414945183
946,4734435896753
704,3413573745536
795,7787001808587
741,8507961912372
729,2958577236321
833,2119726639955
649,3880097193669
626,3512856278519
550,1717068601326
669,562723875299
799,948060310365
604,3550805963021
925,1109013756802
843,4398015906276
770,203350835493
519,1433814170347
813,5562914162629
642,3308831156249
834,1898725449748
801,7996407766008
677,4378172641985
556,4690409484643
772,1930176328807
725,8222423057668
781,9265644641166
688,2733009193585
677,409537407044
647,0155806467205
588,2985074891127
559,4646917939695
879,0525234510511
684,9744708166309
648,9239276902239
584,2028274313711
525,0073366397407
773,4850222455182
544,8885347258362
625,2666528154468
719,1191958783497
542,2751072067838
527,34174002365
575,0262846012674
772,6213965030444
616,7314011981919
574,4072450090472
759,880448839157
633,3940000513737
442,7843585139261
656,1732036530186
645,5845193919537
826,1472755647532
544,2949946037214
681,4504759089835
682,203350835493
604,2875427482899
635,4757005309393
444,3482766642236
659,1222944248277
449,02566878447664
695,5834011975785
645,5457103788359
651,3650905483289
553,619416418642
712,207451009677
756,6365705305356
565,4498015539426
541,2934467115532
529,7400544514644
422,8617203311724
546,5699873222256
766,614348075922
667,50403867825
583,1846423536443
667,4089530566591
684,524161140575
610,096686536689
541,8611424973813
362,9486885176462
506,84531951340057
541,8974356710473
393,14291889847215
522,2894998597963
329,3806226636648
586,8353461889307
447,3630095197841
567,4622677114401
392,0821062972657
486,38423376251234
423,23946419720517
368,8055181472902
540,6699107100021
545,1282428990548
616,5834011975785
424,69773758619704
548,1760501714293
421,0100072664328
529,3209253031359
542,4572583746983
406,8471359005463
514,516726303118
342,69210542386327
391,98866279945196
395,1298149869247
400,81420469866123
511,77429063698884
532,9807408344114
397,23243838363794
625,9631785358772
409,90860822787283
383,3188508456192
301,73634659293594
497,5274679074074
468,03505035828346
314,8603669754109
357,68567883376045
567,811496032914
567,1662389377337
503,74341572491244
627,772043616403
654,2016741825934
559,8740555466773
414,8829702006317
360,42077465694695
536,8982942745055
343,8796751576349
523,0131222215341
522,4895161666723
614,5448286294196
560,6190341420377
315,44891704003066
578,6183883968151
308,5605163063647
524,7552504623463
548,5901309640066
440,1977884113261
331,8685967260278
508,3326019442212
369,80138566563113
320,0513029576659
494,1760501714293
516,9557840241878
429,030735589295
596,0706800876721
585,0104545353054
433,9472340172781
527,2452886030442
444,1268773021559
455,2573093050175
379,105668099144
458,8585485168139
742,0770729721105
445,1192183255323
628,2525893850902
464,8492036822087
778,4400958545507
460,3854484416524
551,7526898291276
593,20010127828
405,95564777513925
676,8041649159496
501,63441539327414
448,1210145559196
511,88458133215147
673,6365705305356
675,5625516479034
411,24786557313627
598,203350835493
373,69210542386327
412,7677051231608
472,68444615285637
601,5838852947427
603,9419838401041
671,1540135649612
573,383372707945
624,6664674716648
600,5317364845516
603,849388445477
396,27817228309914
354,2004548738944
439,8685967260278
592,2634585128342
559,9941685125559
703,3816179439152
622,0026348549853
720,2272019149266
604,690447149204
733,9659664198427
736,1310622023091
553,6856788337604
633,3316033252138
722,8872098712835
552,3958068493798
543,2080207481654
518,5369801854349
460,54250652075575
407,35128562785184
509,09989626722756
547,8059246584432
332,28769617472085
653,8123345041465
638,3628630706871
575,1282428990548
323,7751293036816
369,32091859252967
438,02492904824845
577,3817515043147
427,9809416938065
465,1090978826269
666,4493314848819
571,8740555466773
612,6666343706776
380,8450660685574
689,4434818160105
559,5457418525864
560,359155852565
491,0016474783448
466,64245345008607
690,614348075922
559,0890718961818
563,0787826272934
565,336770719937
624,3855836426305
418,2077849127635
416,6523534511117
836,7968666002921
557,6411983516681
666,8894039175036
651,8740555466773
514,393646366435
478,25725996967856
699,5097915001485
531,4118546626557
515,4153028910671
572,3878183820905
753,4915973958418
597,2080207481654
486,7664263011866
659,6882231933361
510,2460590273613
443,29850748911264
579,7631012974339
490,81951098784464
580,5575042239254
565,344501453557
789,073690680992
549,8434667296101
548,0736403652413
666,2502167324291
738,1812221319722
565,9404717178002
705,2452886030442
606,8740555466773
591,280280935218
656,1310622023091
750,6062623718274
836,9414251841481
636,8266867370284
581,5933170430732
686,2188362359193
583,7245805240317
549,3414212079012
733,3970838311195
528,7397720554366
523,393646366435
757,7185458176725
522,6921054238633
856,4102108030572
647,57707082331
711,6563973779608
695,537473941503
629,0998835035296
732,8810561267624
614,1377623561405
663,3304371482596
803,6663368439126
498,8782901808419
742,2951551464303
555,1112597920703
572,8183243654667
826,9808931221289
667,7260473229501
713,7900532261897
595,8685967260278
711,0649088542904
760,4217687658315
620,6824895107729
618,2384137344031
806,0193132128443
574,9150005154232
601,9849148087516
522,7397720554366
614,5409472312355
505,7069261935627
716,4517067003234
423,94501591369794
755,4719574774629
720,4667957492036
538,221674238884
681,9265644641166
645,5817496752018
585,5282427392087
660,0862466653311
581,219885338735
568,1774998733257
547,0156778414929
375,3278949286655
360,6318957347998
610,9892130250655
484,3777709331881
493,9945049210445
474,77004813317683
557,9014753702891
702,9652546964912
665,9645919329855
547,3571945643159
689,2745012197227
499,7479990553796
494,4662695228699
375,60317676142745
442,9379210919548
279,001324760355
355,15075868092845
219,99965099072475
205,94501591369794
387,5560595509937
282,7040369390153
222,26984713088203
471,97180030141243
183,2307359391638
331,9422377431672
372,94563648951953
302,2988561588641
208,31573124743247
425,40617977355635
351,2073888310396
393,1844526723148
283,12350427396666
198,2823618780708
390,9664385120232
128,17645594745395
332,34106057804
510,7993499242385
360,7971054935342
428,1346170457834
349,60029546679846
294,6295452901652
472,6007175526038
240,40559460719777
518,1803782384777
412,31799742858936
530,6671188479422
567,8353461889307
424,4662695228699
501,95957436227906
363,0555756441284
598,3316033252138
196,65368651165628
345,1719429388021
340,6020567271055
165,2250234803411
458,74344452791945
398,98089312212886
228,54763898641434
411,505816052781
96,9666032908707
313,900180869985
123,1041054173599
180,57895707904797
195,87107230424076
197,3184118992183
280,539512059761
516,6091718634848
384,9524877923587
267,7807569591276
191,80551814729017
209,43328819943343
262,2369616970823
84,77733308547025
178,9507833274056
201,64515853504562
300,12164323860236
320,2739628157773
58,71261167637885
71,63189573479981
172,5575042239254
227,28693912627588
104,32784850956378
253,1006704444592
277,66323917634696
75,97236688635805
132,8685967260278
0
39,555882240730824
131,13240949707193
48,5023626614726
84,82940466923299
69,95728795525322
8,402163049769277
320,39450711601955
54,87847064673653
297,03643909731824
43,420163212272534
26,65368651165628
48,598495321594356
148,74261953554725
143,27525577101582
86,81832436546662
43,420163212272534
102,11338923064163
23,135443487825473
96,63678768171718
195,7801211887152
34,363292319078134
85,2823618780708
181,697737586197
250,16769531556585
86,81832436546662
79,22481207644964
39,36983928246797
235,16187545895994
94,9738088402146
285,06282941596464
47,85915666965077
180,7497681106437
228,90822143160165
48,90243217796596
203,24479447173178
122,22399378054439
0
223,90608078085538
36,636243682114156
109,23454347982732
177,40757261849646
162,4691387765884
133,93837153604082
329,26072171844373
21,481600627631202
211,9790088206381
270,4000107376899
213,7868728211725
223,6260482011486
206,97612196131297
196,09341209849677
173,70393765475086
21,481600627631202
287,8409349985056
75,46793734692346
109,38029612730564
74,9116350002243
299,189511096184
180,57888809381643
138,5035118904025
216,04975395425936
350,3710076081461
282,4886291259658
99,97945241979961
207,24479447173178
113,00579078177456
203,4948793841857
176,02566878447664
83,78133772746273
258,61195086608416
158,38518944454245
367,670197123834
119,25383073007808
163,38239833294531
193,24570879540536
132,3414212079013
274,40665406665084
389,76772668929436
409,7919660196742
143,7466597980133
234,18938164363297
105,20404712572248
232,90739300180763
379,68323805214897
126,55629212592008
145,04930634099037
254,53500322065324
346,203350835493
408,3126165725231
160,0158043645261
308,177720875761
194,28454896775997
311,31394968420005
300,46226771144006
287,422826637175
255,0758915138292
349,1283680329303
227,04975395425936
270,7918054528394
172,82750562948658
305,3763104254473
58,90395190069769
291,90597154147963
318,6671188479423
165,41593799589776
185,13632047136713
248,04546315236644
215,84344486042
467,2098367541851
439,9550525045335
253,8161315836433
354,6421148687655
470,6649339388899
595,0770729721105
243,81016859089445
233,81449635781075
458,21888735398005
400,14690761911
357,91688017015656
240,80551814729017
336,16197766084036
239,4137092289802
138,98105108122158
440,5585995509402
421,5310620792804
274,88852957543224
392,63219229420497
423,7546454216331
285,9103070026999
459,40617977355635
189,70661014548486
521,6220038301317
314,22827596838056
287,8877278774422
233,07521145362992
419,4082599367711
279,89775117746376
298,8685967260278
369,6932330294634
197,13029674646597
342,0303348882172
237,66927436546905
499,9099337513845
218,7011531435137
243,02875817109145
397,1620911372735
226,64631671947285
529,0310141221141
306,07811200433673
397,6278881307994
288,0345958013921
511,1097006798269
391,419845390995
349,50903567462217
282,0726861458501
484,84938844547696
599,0513023062041
340,7476279791207
338,9584121261312
436,11383561650473
441,2024002682883
473,7543304431284
539,2249029249184
369,52962143141826
280,03932876212315
489,2739628157773
362,8839759803253
344,49557215583854
502,957872057351
440,9722280364465
276,79757520321107
491,71699874188107
527,1469076191099
525,739775713907
398,3250760191869
524,0359135096419
426,69773758619704
355,4758445663199
460,60663106060827
369,84227270485576
571,9823205828661
448,5567451385539
494,00207573182206
305,8770835168229
368,6932330294634
476,5503840399864
351,2478391034687
393,3607674444121
420,9722280364465
341,7040369390153
286,0982136766118
318,89473479847027
453,6985849227352
351,7269936213726
245,96382496533298
401,224198428666
334,8841671176666
223,36860567820932
373,9592350474868
406,0392417743244
369,82218748020193
358,71513479017824
349,7807569591276
343,9790088206381
357,33758942554914
326,11483194914797
200,24634673083625
392,7562254321717
531,8299355818559
383,2376649264084
447,0849364987129
396,94326749419025
476,4667957492035
632,9091790716438
554,3283679317722
352,23661083580464
544,7474418932118
429,47723043732833
402,8881543378766
277,3356312839158
233,62941190777335
344,82307081590886
312,2447944717318
331,5575267437307
183,6596690497797
414,598481200856
274,01600908119684
457,3260737011488
322,73306699174327
254,47179204365048
346,75178484697983
230,8400712712251
286,20110852996874
457,37821994932
274,02566878447664
341,0280761258605
385,19491315046685
253,27295698692646
304,0926005467529
194,03337693278462
209,20190179830644
419,35877400215344
243,84069391604638
319,7494343892396
368,69773758619704
443,9550525045335
272,8439369214269
162,0
311,5907113002579
450,34144270130577
479,95381420405516
501,6896548443572
273,4807988631369
298,34106057804
361,9722280364465
215,9002487130872
362,7812444417227
316,8716021502802
228,8610415081134
373,23036190075794
257,79279346465285
356,03816767187345
216,98783341154976
186,8796751576349
192,51698446756788
328,77429063698884
225,10713636812207
189,7620354022121
155,09916198613013
494,4197501627145
211,39306486692269
297,39378260946273
328,61761121305176
474,12229442482766
292,1473989620869
173,82147798587877
522,5851316276373
195,95938590832776
199,84393692142694
363,35162647940956
134,1142204818591
355,9454749733079
156,5002843076207
216,76907625552104
197,8603669754109
366,6579234700183
336,7118669829006
134,75883915173338
146,55437664252736
273,26226949422096
293,88409012274076
299,4304203604225
358,0585765433033
223,73974236863074
235,13172014299747
220,2325006620481
366,71890289515267
208,68152769227078
134,06654103395744
277,6159182608941
289,9911843851015
483,6523079192156
427,54544655555395
465,70485787160794
337,71993937249556
351,6831329885959
413,5440277533876
225,2695763610857
320,2073888310396
413,1181723010105
311,49015189138794
277,9994488072126
410,70471033350896
439,2253706217377
382,46842402316236
115,05317369041694
229,51471101534216
340,0849364987129
314,2948908139477
316,8793420721218
112,11438042697243
145,87847064673653
482,1567273555261
393,46813561900143
402,1394789974803
196,77574625841382
398,6132834387182
337,92384644227724
234,1546560031563
314,8243117420863
337,826374103548
258,2354716960895
409,0905698010903
461,70485787160794
304,7854010476072
419,73314133750193
181,39682570803092
380,78645480996386
299,536368157304
438,7189581926578
328,23248743924427
145,45563062141355
291,77429063698884
111,87866515548171
48,58905502339941
407,7919660196742
278,30089745293014
287,12319306843403
309,47972354170304
235,69190654896633
193,19417986751003
308,8228655004954
97,80101213108901
278,2074510096771
240,8091970429057
348,5295778529187
221,61699990585151
367,598481200856
253,64642148417644
343,9490597581223
345,80515631050474
182,59304867002658
242,49222064695758
374,64779982974545
388,3758485285565
486,7593990778336
333,1241289548058
340,6941312632076
369,1919881041712
597,2972304290689
279,3854484416524
228,29540652539148
377,1051132659761
409,9941886670518
368,45390657709925
266,8003362802791
310,01296144144834
379,3110000540306
367,9850886278033
424,3597441460934
394,1445604747047
209,35506764320033
301,68180281476157
442,3710076081461
164,17399398953327
386,7812510904399
287,40874713967
127,5255670698529
172,5575042239254
217,8555017106741
389,83036506655844
122,92073061178091
176,13518910600968
408,2739628157773
507,4915973958419
176,4670725111688
245,40686066637795
229,12611923130729
230,00396808800562
210,34561918783544
353,2942791159304
224,29236851235754
149,4127587329994
67,69806328482238
204,75178484697983
61,78963032386424
97,70700342132605
45,9401452694233
65,05557564412838
209,69183019410414
108,73614815386462
64,56948931653
54,401799842618786
68,69210542386325
65,13060621570165
54,18154836791783
65,28779213040335
65,3780072417098
238,06617238048545
88,53896962784248
97,39306486692269
114,67088068033546
120,18742093297755
76,84069391604638
181,697737586197
102,11338923064163
57,32235647955181
143,27525577101582
47,78435851392612
87,50197803330289
64,80735049214192
71,63189573479981
18,776238048725624
0
83,70115314351368
110,78780157247252
90,33411259229588
181,04451666963047
59,405850064718415
105,21959562294278
68,69210542386325
103,57704859221265
29,107656266311245
182,9562249215729
203,8091970429057
27,957787284115994
56,96735511664072
12,52979398560855
47,78435851392612
27,640523528374082
0
109,62863224848748
76,0127254403465
81,44385294402223
36,13671978579077
32,52214011231309
204,43557189623235
181,04451666963047
83,13851151362934
195,99770029810597
55,830120973177586
57,15476198741963
229,6279729424509
68,69210542386325
218,50311674571165
180,1986792585063
82,01432495958534
149,00917302440882
128,97529305910686
209,13818216673076
178,2222799403426
131,26551978559868
0
27,916411210433807
121,92032500470457
54,82140213905917
152,71993937249556
31,150024622248228
288,6552757420272
70,87967515763489
94,1591438149597
151,32417489069564
65,3451971185495
244,76412214508903
47,78435851392612
223,4042801685561
120,25650715739053
29,107656266311245
181,04451666963047
29,858115115637347
40,431569448673095
42,645594525290015
83,70115314351368
10,72787947954835
80,51407056015167
181,697737586197
143,27525577101582
85,2823618780708
12,74790866921073
61,60807998786898
84,29576375415587
227,5005136207871
50,628243517126805
131,5742680740892
22,070423237923368
6,4446413542057375
73,76284054587752
171,409801230326
22,164294313621248
29,305276851084795
82,01432495958534
100,00932733216331
138,1284472196571
63,32739467169602
205,93665636456953
24,976530492779098
10,744424641767273
103,46536227295917
224,0280761258605
82,97981543141805
12,821477985878772
116,76658735401608
146,40158571937224
161,1625385639188
55,99291978407825
33,80706087542831
181,04451666963047
42,284457020631756
87,57865301731853
12,821477985878772
39,59677076922964
98,15215203780876
44,58982296717936
97,75170473225383
181,697737586197
38,51750422298022
182,9849148087516
16,66545754959256
111,87866515548171
133,71158445903086
93,41018275363713
154,61178484292978
21,346596996111614
84,68268482502634
82,97981543141805
135,53753984621395
69,0908016731996
53,98489489316587
95,42335219957472
50,08386093093523
110,78780157247252
130,45877704718927
108,16815280094163
138,5035118904025
195,99770029810597
168,51592276563386
284,01312222153416
62,467899391966135
50,669454315651365
290,8208124364144
66,34140295936504
86,29765178596519
46,263961596894475
36,610109711006075
248,203350835493
288,5457103788359
73,0465983817424
177,04078501639938
50,665526143954395
42,97254891104984
102,79228929483752
65,3451971185495
311,77204361640304
140,74943438923958
149,4364167676351
95,35370462911038
181,14022847002133
47,78435851392612
86,83750181337562
113,482102972724
196,0369662831687
20,80717881752221
42,242651518610245
71,63189573479981
99,9658790302278
6,175752174057065
38,51750422298022
48,58905502339941
20,90254479815687
67,69806328482238
12,821477985878772
22,070423237923368
97,39306486692269
145,4036109930408
102,79228929483752
204,43557189623235
68,69210542386325
149,31816632145143
182,9562249215729
246,17160331422005
12,821477985878772
248,203350835493
286,33677071993696
277,9659664198427
184,86501768496888
10,744424641767273
78,92856369241812
19,780176267699044
180,8716021502802
56,96735511664072
12,821477985878772
85,42398902341188
95,27171740759812
46,265406524996564
45,35790308177185
146,52639310166106
12,821477985878772
71,63189573479981
32,20481459556015
203,24479447173178
77,07043505957581
69,95728795525322
44,912345741005026
70,48639163242032
77,23239779182107
145,06517673066898
37,63809681514005
52,58705351452438
65,3451971185495
11,341565844823005
64,09916198613014
82,97981543141805
38,636212162994894
95,35370462911038
41,05574706071243
64,09916198613014
84,77234936225358
10,623080021043439
101,12981498692473
87,33274959664611
265,85374010160376
118,12958561231984
95,42335219957472
70,48639163242032
78,23282612715012
86,46850815138771
4,151020672901959
121,30071676768735
170,08751242057542
86,81832436546662
150,4139814298843
109,62863224848748
33,91192665998709
78,3830581028804
165,8768963554036
112,76354636447392
22,070423237923368
84,72422037972696
132,8685967260278
78,55125369726767
80,28979849112771
211,76740232678915
128,39515940477423
331,83036506655844
86,81832436546662
312,32359456725806
27,708233359435397
233,03441613729618
157,73176621399566
242,36516257198718
140,4023909388643
61,60807998786898
17,08879243687943
86,81832436546662
16,353419851318215
0
46,265406524996564
47,78435851392612
120,6735938854431
8,215206250637195
135,53753984621395
143,27525577101582
42,8186030398701
20,614425044519226
16,405594607197767
52,537175302104814
167,31799742858934
85,89123990819138
0
35,01355308947243
35,5798171103933
80,28979849112771
55,46707251116879
90,05672338777678
122,37373116141009
104,84796273262876
140,74943438923958
107,40983980929022
80,41907896124883
47,02951462788829
68,53027646057234
68,69210542386325
2,8982019910830807
56,95031081061691
62,47792748337744
132,8685967260278
70,87967515763489
47,93904432565745
43,29734353200648
20,74425981809998
38,695231537785766
63,79911330922076
135,09417687956073
40,25256204891144
101,9233766849338
96,74611905884282
16,405594607197767
14,611371652822111
65,3451971185495
44,32561611671594
64,941632062088
96,87197972737029
62,74474249730843
40,443565471917495
27,947563693436095
44,912345741005026
93,9292153986375
31,340033830643485
64,09916198613014
44,15789127788739
76,10719556292041
60,861720331172414
86,81832436546662
203,45042765570494
87,63756246951931
22,70554399531739
89,63676502019128
185,13632047136713
29,107656266311245
66,34140295936504
196,6020567271055
93,52352580320678
2,1850566441633483
181,697737586197
59,777333085470254
64,01388997077326
56,96735511664072
85,2823618780708
168,49557215583857
76,4858214064512
10,744424641767273
91,39364636643494
172,64417596318452
170,6845848266673
132,0378927535513
193,74199626450186
255,15848517962147
82,27063708861277
49,49341775847796
59,08469157424082
88,21335595419839
98,93749549023764
247,20745100967707
88,31573124743247
89,05397307534834
44,15789127788739
155,86919367980354
47,78435851392612
156,38462211475837
218,50311674571165
82,01432495958534
34,28721704176247
87,57865301731853
85,23686545175102
81,67888138586798
31,150024622248228
140,74943438923958
98,92108373653329
62,74474249730843
21,478041226642926
39,6913715127335
37,00146186129571
60,47467166081809
56,96735511664072
64,09916198613014
58,90514221103852
47,78435851392612
36,610109711006075
68,69210542386325
88,70993590649323
26,00022232023178
46,265406524996564
80,92459530656863
61,51320519052053
42,29686073446528
48,18227920686867
181,04451666963047
21,396825708030928
132,68056301194989
92,27755026537871
84,30252699277058
40,72991181092483
42,80244708745562
167,31799742858934
48,11210966866491
60,24718127354933
123,03849810537744
42,97254891104984
151,91865063279548
229,6279729424509
236,17772087576097
133,20785425322222
158,22508897891956
233,868166954658
88,52076090038096
66,53028149406697
31,406772878154214
48,58905502339941
0
334,15401356496125
12,821477985878772
67,46043449334762
83,70115314351368
87,29850748911265
41,22645437627824
45,67981298154644
66,07047144701933
0
133,17343888155105
128,97529305910686
68,69210542386325
95,21558482748624
123,45628749210039
126,7677051231608
84,77234936225358
74,320407729533
153,08536209845846
183,93921190995914
82,4901759537919
73,32273430896325
82,07757324830507
28,698198324946574
67,7144379310848
0
84,53759108266094
33,420503364437046
16,405594607197767
101,2949946037214
33,22746462810783
21,481600627631202
85,2823618780708
82,01432495958534
12,821477985878772
44,15789127788739
31,368865513490487
64,01388997077326
4,259072463248045
123,72458052403172
47,78435851392612
29,107656266311245
53,49738868861212
93,9292153986375
85,2823618780708
132,0378927535513
31,150024622248228
60,861720331172414
14,514815466533422
41,44495552824618
36,95364556226089
123,45628749210039
64,56948931653
38,76739299730431
18,776238048725624
66,34140295936504
46,263961596894475
49,91553778432762
71,9341491924425
42,0243805463971
155,7314011981919
103,46536227295917
54,73150593406262
80,04697536319168
31,150024622248228
71,63189573479981
47,623581577886036
173,31657423090593
152,71993937249556
68,11983572569636
59,32362028913165
88,83446997650847
101,03112187445821
163,1694709246003
143,2716275748752
248,203350835493
82,01432495958534
243,8810561267623
54,95660327854186
134,8980485009173
50,42277020972295
22,070423237923368
129,61044697498735
124,51432081351365
56,16771721232801
47,78435851392612
34,648811120322634
12,821477985878772
126,7677051231608
119,35482835734895
46,263961596894475
156,36300951978407
96,91749357184518
9,47810670813823
59,33705296237963
87,29850748911265
78,26072560700764
102,11338923064163
49,392852046288255
154,27652205205632
31,150024622248228
71,63189573479981
82,48181090725227
29,107656266311245
42,645594525290015
12,821477985878772
62,25415613629204
85,2823618780708
29,107656266311245
12,821477985878772
16,405594607197767
152,71993937249556
0
79,7598345897878
65,3451971185495
43,633316779369366
12,74790866921073
46,265406524996564
64,56948931653
89,86920778774639
95,42335219957472
66,34140295936504
29,107656266311245
91,44993336460593
78,3830581028804
21,415782469286032
85,2823618780708
48,58905502339941
44,55749511883941
36,610109711006075
62,467899391966135
181,04451666963047
43,59773165628154
47,78435851392612
0
71,98803941391473
143,09759738034043
29,107656266311245
80,28979849112771
88,52076090038096
76,84069391604638
41,50129299699846
27,017932495759553
31,406772878154214
8,627258277109506
49,426542700473426
60,10023673709366
75,8940309601692
12,821477985878772
11,550257356703035
48,6481311028141
56,19093888728822
27,95307673304586
217,17694689674607
27,247789123824322
60,62921618431221
93,34037756156253
78,63212410575849
76,10719556292041
250,16769531556585
123,93958414795325
140,74943438923958
76,84069391604638
55,830120973177586
102,79228929483752
174,75311078165365
298,02428786999815
57,87507086058847
281,4253203726705
160,67404132535776
195,44562755945185
145,4036109930408
249,38971346815225
52,858108299158744
103,66878388592266
95,99965099072475
54,23461263351748
113,3339577016773
116,73225780614811
48,58905502339941
41,01839804360421
0
6,4446413542057375
29,305276851084795
10,27366213458862
10,744424641767273
56,96735511664072
26,65368651165628
162,4691387765884
135,96476129594933
8,454678460542546
43,420163212272534
78,63197210004742
13,34905907247453
28,234080632344877
286,4414129578974
66,34140295936504
131,1777024229836
53,899306451142365
33,953356038726824
204,7807569591276
111,11213403400394
71,94578917599107
65,3451971185495
148,27214117332156
107,76341143972513
75,14036518476071
52,560985325237084
46,263961596894475
79,1311355487711
80,17368265665365
167,31799742858934
55,74491824015512
185,13632047136713
44,913753041134356
12,482205979457373
84,72422037972696
150,48877958560894
171,99107506820164
196,6020567271055
29,671795549666975
37,597689131100914
21,018748895282407
43,01155781757282
12,821477985878772
44,912345741005026
81,17473633062009
111,5360515928278
91,39364636643494
88,52076090038096
29,107656266311245
100,00932733216331
166,81797009458884
0
82,97981543141805
135,2670377081845
78,90406704231883
100,13302940678125
26,65368651165628
47,78435851392612
61,51320519052053
122,239834529039
0
64,09916198613014
0
55,216939859205766
29,305276851084795
55,481869756169196
58,917203486336184
42,36779976465897
70,15251808700943
16,66545754959256
33,1901533491669
156,3609931795343
80,38724769378426
30,085150822881705
23,35653046686857
58,564274249697846
43,59773165628154
80,63100818574503
12,482205979457373
152,55933620629054
80,17368265665365
168,00304129309745
65,3451971185495
19,787085295663015
86,81832436546662
114,16641193789256
85,2823618780708
21,396825708030928
95,35370462911038
195,49015189138794
112,82894404549492
10,580706093125283
93,9292153986375
12,821477985878772
41,35110779815317
6,4446413542057375
152,71993937249556
50,51501772915155
46,34173286118198
185,85630794128727
75,8940309601692
86,81832436546662
91,39364636643494
204,75178484697983
82,01432495958534
12,482205979457373
0
22,9748187663076
60,62921618431221
65,28779213040335
84,172365215637
48,52913868985235
31,150024622248228
154,27652205205632
54,183377958865265
123,80551814729016
84,49751798974631
126,90899363632899
26,7155935691404
153,5296214314183
78,08310837322345
84,57240186662955
29,107656266311245
51,157563492000264
29,305276851084795
47,78435851392612
119,35482835734895
63,86923556093806
170,23946419720517
49,392852046288255
58,564274249697846
161,92819951808033
27,259310434768512
60,861720331172414
145,57895707904797
86,81832436546662
152,71993937249556
12,821477985878772
71,63189573479981
124,65924728362064
21,396825708030928
24,976530492779098
42,645594525290015
283,19346598147223
175,5845193919537
134,3802586487462
21,396825708030928
19,519963894128225
21,481600627631202
212,6446222783167
52,20541680304718
309,2024002682883
185,13632047136713
75,31793948238723
16,96886252523113
97,64017309277739
147,2940232718722
93,9292153986375
52,15080684827123
154,27652205205632
106,38900125312676
81,17473633062009
42,80244708745562
203,24479447173178
217,52446274630157
294,6292752462038
206,8507961912372
129,14117578670246
131,5742680740892
145,4036109930408
174,7539081545517
192,83247016198482
109,93312333128142
162,58142043464684
82,10581232934871
148,8434667296101
55,481869756169196
216,6807867266651
29,107656266311245
150,5290130845408
193,24570879540536
312,5628859821273
67,7144379310848
90,05672338777678
218,52137185237612
256,6584188898018
50,78133772746273
99,42184134509398
213,26155096362214
97,39306486692269
196,6020567271055
12,821477985878772
21,481600627631202
72,65563668798494
54,73150593406262
65,3451971185495
95,73841786227625
87,59063715308992
76,84069391604638
0
55,830120973177586
79,89578805513294
34,17521006412175
42,645594525290015
173,31657423090593
73,21388893069987
84,72422037972696
68,81613158364331
10,72787947954835
150,63021560194386
85,2823618780708
22,9748187663076
50,78133772746273
68,69210542386325
57,87146492257115
119,35482835734895
71,05574753186524
206,90322666505432
126,09478223138689
29,107656266311245
180,8716021502802
82,01432495958534
162,81326363937544
134,04690010312976
12,463801765961577
171,409801230326
27,247789123824322
229,6279729424509
233,868166954658
66,83044128429194
39,684267676720765
46,49187113462971
129,13142456474006
38,02878029695662
38,5244507110207
106,92755115314749
80,28979849112771
12,482205979457373
6,4446413542057375
39,391968403705334
238,98293655139742
97,39306486692269
400,8299355818559
59,405850064718415
158,741892739751
6,4446413542057375
157,99668760021603
21,396825708030928
102,08605473275212
6,4446413542057375
48,58905502339941
24,706610145484863
206,9722280364465
84,86662433494614
199,9908629223972
143,27525577101582
289,15807326757397
29,305276851084795
31,759188049077693
38,17134389743819
71,27383804789372
85,89123990819138
102,67219991103771
117,8245999238343
29,305276851084795
8,798536231428889
142,09988350352953
179,93641782161814
322,69196869950366
201,15507070118008
32,75087526385292
67,40742598466692
170,23946419720517
54,3849073995839
146,98052572385885
55,830120973177586
155,37121868667012
73,21388893069987
262,21119145403105
84,72422037972696
130,00580559157504
99,26570330584114
206,1390505443058
42,16970719420547
146,72144887898142
137,09260054675295
150,63021560194386
125,66262421917453
190,2555002334907
98,67613560261768
211,93775269294122
196,6020567271055
304,2297379226499
107,15537138298944
81,44385294402223
32,10345563364549
157,39912445402106
153,60461973591205
68,69210542386325
125,96491831133137
146,72144887898142
320,1546694369185
202,87821098723694
317,2589549025863
193,08367987674987
247,18938164363297
305,2038132265111
219,99416851255594
216,78433177612558
322,96415046413426
174,59125232935594
141,5834936780695
255,7876317434712
139,74384116536197
224,7677051231608
350,67944791054094
317,3709712325244
304,6159182608941
289,43660710417134
319,9878334115498
308,5745509323714
402,6007175526038
260,6677124876806
349,5284716839293
374,06490885429037
210,42665152788777
389,82524407241544
396,764122145089
260,8839759803253
343,826374103548
462,6647565434368
412,4984726597643
488,10334216919426
495,3777188301597
241,166781086217
243,52639310166106
126,69916708735178
173,55775834797004
391,2634585128341
300,25855857423426
423,04164312409785
216,12938441957704
268,32417489069564
173,53454211687412
306,0296336298036
233,7542497779509
447,7609417377009
312,32943595700164
402,2429734494027
262,678495891559
455,61073489036306
419,7631012974339
223,9295479368098
264,1553713829894
259,327552584925
405,87405554667725
426,1526798606253
393,7600161780741
318,87589577623174
247,81335460704952
371,9492228844697
398,46226771144006
218,67448878619737
199,9350441224684
411,4273151256046
178,91268861026523
477,80577876468993
291,17883202669924
448,3716928371042
217,50345837787958
448,74562241837896
461,6896548443572
342,26346115625813
331,91883851429003
196,02651722470245
348,93665636456956
411,3331776822415
364,1363204713671
218,3278949286655
204,44800083014044
300,9610946786089
267,3630095197841
451,0585765433033
389,61073489036306
463,4592192046907
358,7877699383052
411,1960866192902
204,97424413789722
332,2188362359193
164,7628405458775
380,0710764689147
357,89027570581607
382,9592350474868
436,7458637027727
526,598481200856
372,7222955991848
382,0161931934159
288,6340219257332
527,1478877479162
411,0145100826393
580,0770729721105
272,3134656471839
379,59846782914576
337,534862365669
409,8517140603311
338,98457241820466
441,83161507213083
441,91724642931933
454,2731919441162
511,9892130250655
416,27802521323804
269,9622088194279
374,94921038294103
300,0690381968183
575,7434445279195
541,4539065770992
365,3157312474325
595,0672078442985
452,1427455497434
504,79964077660077
632,6757027144083
500,401572430576
326,18227920686866
496,76101189894024
528,8659601196539
666,073690680992
525,2176743403639
347,10765626631127
584,9897665899125
351,1708329235851
666,5990865526821
647,1472755647532
554,4949382948103
363,39364636643495
534,0876089151332
405,4229810351703
358,87727094088933
589,0501709408467
612,5361431720762
690,009567334862
557,226233567904
616,096686536689
569,339365355201
420,02601807036905
600,368753383152
619,3698367740793
747,2105215519736
691,9118719974252
561,7494343892396
531,5918781976808
479,11303575913325
597,3651625719872
560,7077997298672
675,2837456973189
718,2634585128342
809,1553674580272
636,2765220520563
688,6126854002093
553,3456191878354
572,3347070876139
870,6723831100257
403,49596889003425
599,0856323939124
440,26520924886995
575,5365203958022
366,14171324323934
287,3216527604556
351,26804487082825
450,0221492802209
382,5038251457663
439,1994929936933
446,26116723673465
576,2906238821731
531,6491670056419
484,1119233978295
516,9101176840884
580,8728412077272
526,8247169185765
481,6537890667622
592,3337469022222
674,8695230561627
553,8771257681179
636,7690603379651
522,0800369012316
556,0765102422083
568,3202620426563
490,45172669699156
527,4338816454556
646,7993499242385
609,4923498449555
313,84125731374996
499,6918301941041
466,55750422392543
614,5714810447423
532,5031167457116
502,8716021502802
541,4277918685393
526,9143352592773
580,5645905858366
268,8214779858788
542,230361900758
565,0364390973182
453,82218748020193
341,7516086088313
305,0650900587138
428,1402284700213
319,8161315836433
355,9233766849338
380,8876289138255
572,327762579946
478,68456686643714
310,72845935826075
268,2668531167377
447,2478033703378
348,1192183255323
476,8091970429057
490,42439637434774
531,1955114679988
523,0465494980779
405,6956291695054
377,21938524789243
675,3710076081461
610,9548007713787
642,826374103548
648,5743843983394
704,2016741825934
579,5440277533876
600,9389553545777
523,5344659392657
652,6568093141618
415,57183497015234
335,5890550233994
471,6984132236713
434,6019996757158
619,1202522755716
431,7723493622536
517,8853135268006
488,41620674099806
640,2634585128342
597,4957883922693
472,2475778620551
667,1960866192902
605,4089810088175
562,692394562288
539,7782490868364
494,60633382455234
441,24062987896343
597,3526061211663
571,5699873222256
633,6712452323167
597,9524877923586
409,50643870569235
663,4895161666723
589,6056428521109
720,6655645266627
512,8644382889511
582,0800369012316
454,4181776934446
588,2447944717318
438,07097927414236
447,9987406451906
583,7588522067913
390,03903774253854
627,8299355818559
388,40237535269415
577,9162195027998
528,4667957492036
455,48284085393436
443,0280761258605
619,0770729721105
334,1146155047144
331,07097927414236
479,19303571669354
426,749673817126
515,0580465724136
548,2478325463394
585,524161140575
583,4636643292007
687,0097098085489
610,9220538608703
628,7875629911359
380,7114079519845
544,1616001642263
355,1547818138148
583,0007175797871
261,9686422659304
475,8925422554265
278,5982129357423
298,14557538025076
281,7677051231608
206,38724769378427
282,70907973996316
473,12229442482766
484,4805459282749
420,238280877991
453,29757258563853
210,0
384,24570879540533
528,3351932499284
390,05916282463284
315,1919257682637
346,38025864874623
497,86890661252494
510,81336468961507
486,95143971907873
580,9191348728656
353,5417688356703
539,1567273555261
432,75882855709625
244,29850748911264
416,1262843901386
425,4634767269435
328,7677051231608
274,6782651086601
276,68767119755
556,8716385574226
505,36967461616814
317,4685946693169
306,3263214487463
374,50476832787746
342,7338081637989
460,12229442482766
218,9886574230925
225,54091175531033
449,48222841114085
456,15807326757397
523,1712673831452
322,9486885176462
544,6699107100021
431,03441613729615
449,203350835493
531,4957883922693
258,24786557313627
552,2253706217377
457,3110000540306
261,9894828764791
290,7636235828538
300,76585749073894
624,0770729721105
477,6646066725767
446,7111663961879
533,9546371254107
379,3916238246791
260,54017875323314
333,88458133215147
373,57292877056454
498,3763104254473
381,23946419720517
379,50953465737604
470,17545805405985
468,62643487380956
362,0947822313869
496,77592243428063
371,9509021914074
398,58739059834863
677,6896548443572
618,3602427158515
461,71993937249556
504,15075868092845
503,3967249847645
388,60511669409277
389,54602033628623
519,436629541034
495,58174967520176
523,5292043098752
431,8340157879523
273,55050526493636
288,4165066796369
462,93665636456956
702,4592192046905
531,0670785378918
498,9643618837354
434,0947822313869
467,0812885888888
530,764122145089
566,6616000555089
488,31600097398336
407,0539730753483
549,020598727705
456,909686315547
515,3414212079012
731,3240649110485
536,7467149680862
575,6134056422871
650,0735389812901
715,7342144740243
561,1993083519696
551,4972376596568
588,2088590234908
736,712361114213
355,4497923001087
521,9665823243196
566,7693247830954
398,2618396802295
389,90892108723875
374,9848988566864
486,5935517814292
517,368753383152
640,3945071160196
576,6561601860407
508,04451666963047
608,3219018792126
534,5072170778279
547,7807569591275
604,8096467879504
394,3834528122828
438,36416266423475
514,8131031351354
571,1216432386024
482,41638511875954
635,9114106599786
407,2565071573905
626,9937088313013
395,3451971185495
492,9962312957307
566,6031300466099
446,63261097823306
576,8773583762897
502,2274627109531
459,7844519602455
544,4374378576849
428,9446795711563
672,7066778065471
509,4858925385205
585,7985868515827
543,7867114494214
492,86223191594297
395,8685967260278
503,21919625229395
361,9947505056554
604,4667957492036
404,3372405763694
499,71993937249556
584,0358183506996
443,01558064672054
455,4587770471893
750,4434818160105
542,3250760191869
448,8757038327826
616,0800369012316
350,4781067081382
398,5175042229802
705,898825558083
464,80065955436487
324,8214779858788
417,13248920842386
552,6307099111233
417,3390087663851
598,4725128370922
554,009567334862
514,253871474386
481,5440277533876
470,8982942745055
385,42580778837043
540,4161322692911
157,48220597945738
451,1898725449749
298,6375179297728
549,3318902156695
386,1938410056762
450,5840842079071
511,2634585128341
595,2720094444561
332,2823618780708
489,2612379783769
451,15075868092845
419,4471929552938
570,897480848981
794,7434445279195
665,9941886670517
481,7878015724725
633,4578930290762
552,2192025894121
704,6919686995036
601,2147194063414
690,5096821058826
600,6020567271055
499,3834528122828
700,3575511065602
525,4166009731191
375,1500246222482
454,54061273382234
663,7494647954397
561,932434784128
797,4516193916546
563,4473584269456
554,0868595540528
687,473747321153
635,946333629797
471,9461838853935
614,262192003239
576,7517848469798
520,8585485168139
593,0933218828891
573,7677051231608
509,44757167226834
730,2593146920299
483,7432837874207
727,6671188479422
590,2780096613897
696,6391194151099
748,9114106599786
388,3970269175063
628,3126165725231
504,29515463722964
515,3097407869323
385,86560884933664
440,767251244047
484,2295910290968
432,23946419720517
351,92507557855635
367,10294139162045
389,4976903583994
520,2512601829337
470,741892739751
441,3093705393374
583,9634423591592
554,8841671176666
512,6932330294634
636,712361114213
507,56710004073483
599,9282297053064
528,2812743609077
357,3191233322502
489,6008871299639
548,5952980199304
447,9752930591069
522,1980739066801
507,0406960490509
608,1553674580272
492,4194481655957
408,3210343371371
564,0091840809787
482,93335796465453
416,38025864874623
475,6159182608941
544,099975086468
495,6005916770755
348,28604718174773
332,25907246324806
397,5417688356703
346,2099218087879
372,91514064704677
407,64766176352066
449,7543304431284
301,5627238752989
557,6377412188117
449,4667957492035
477,3737588820262
465,56024317335715
359,76461304643095
207,5978166772563
451,2053105988569
444,5696654476182
248,93430819538213
353,9265644641166
353,4000107376899
140,68198528762588
320,9379210919548
286,6493826323599
225,95053013757266
27,620160560764077
95,29711654052574
346,37528024429173
351,96193874462784
57,252829527627284
102,76203540221209
196,51181997881915
86,59773165628154
283,7631012974339
352,73105141020517
155,37631656924074
293,4474661520205
177,24284266878445
207,6020567271055
61,24419953830046
294,4667957492035
139,55338175312914
197,99770029810597
359,88036592089367
164,35333921168646
86,920835271869
167,31799742858934
155,853396543197
72,78139116967846
140,2460590273613
135,60999140964094
404,45921920469056
190,65869833311734
190,12412895480583
91,39364636643494
36,610109711006075
101,56826097640992
81,14488792859413
6,175752174057065
89,55027893285653
113,0432396955368
60,78868378029947
152,71993937249556
196,6020567271055
61,78963032386424
25,610901756122512
100,60396525630587
48,18227920686867
85,89123990819138
111,76173823895465
46,265406524996564
44,41216958371888
30,06873352520678
180,8716021502802
16,67826510866015
175,67310069281635
12,622012307986347
92,93757190417742
37,35784172950473
29,107656266311245
15,101848590877692
46,263961596894475
166,23486634426337
152,71993937249556
76,18029260244953
137,6969667145359
44,58982296717936
31,368865513490487
100,00932733216331
95,81147522358987
286,33677071993696
42,35703246344288
65,3451971185495
195,49015189138794
55,830120973177586
12,482205979457373
21,396825708030928
95,85710237952686
16,66545754959256
43,41790566096026
167,31799742858934
21,396825708030928
21,481600627631202
44,35439326700014
44,912345741005026
0
64,09916198613014
16,67826510866015
132,0378927535513
6,314051481588006
88,75046285994414
82,01432495958534
52,76065730177049
71,11407674255153
8,462435363652434
48,15627938075119
52,76317812062161
168,00304129309745
101,29485714355658
95,85710237952686
38,09265227672723
181,697737586197
86,81832436546662
52,88762833147723
31,150024622248228
167,31799742858934
121,18432759109618
151,91865063279548
83,16348022768263
55,6166603979294
107,11307422123797
16,366317908470613
0
38,51750422298022
56,31151435508803
6,4446413542057375
181,04451666963047
155,5985880012862
44,87162628845233
54,800718791867595
60,67731909449506
82,01432495958534
55,830120973177586
87,29850748911265
12,821477985878772
148,34106057804
60,861720331172414
58,79421150491675
29,107656266311245
84,85465593011627
82,51100945192836
68,29909691290266
130,51405148552672
32,211365499047695
143,84821470849053
89,98765901683632
36,610109711006075
68,69210542386325
21,018748895282407
67,69806328482238
148,74261953554725
76,72476311961182
68,69210542386325
82,01432495958534
58,71261167637885
34,20681008930257
165,55187702855156
173,97091935241113
81,44385294402223
56,77427431783073
81,67888138586798
14,637191329584976
12,821477985878772
110,78780157247252
65,3451971185495
55,830120973177586
21,133388747950136
96,02566878447665
94,69313727223354
21,481600627631202
120,18742093297755
30,214685039849638
83,70115314351368
147,44204289967197
46,265406524996564
29,305276851084795
140,74943438923958
157,45966504396696
138,64823937613252
129,4684745508829
55,46707251116879
8,576397121865055
36,610109711006075
8,627258277109506
27,8544493374915
47,18289683948365
16,405594607197767
23,838782730185496
83,9716891034718
181,04451666963047
181,697737586197
0
76,10719556292041
47,78435851392612
16,754112022618564
54,17485476001105
80,92459530656863
63,50182968497113
81,67888138586798
82,12075902282507
8,462435363652434
152,71993937249556
92,34640698027543
172,64417596318452
192,42135106830054
128,97529305910686
42,645594525290015
93,67032846879049
36,636243682114156
85,89123990819138
55,830120973177586
87,90481414417398
35,38591024776042
182,10577211361635
60,79503562510095
287,03591350964194
168,00304129309745
36,610109711006075
32,527418550574545
12,821477985878772
62,199097290676455
